date,dau,avg_session_duration_min,churn_rate,organic_traffic_pct,twitter_volatility_index
2023-07-05,99152480.0,18.89,0.0579,89.93,9.2
2023-07-06,98613941.0,19.36,0.0323,88.94,8.31
2023-07-07,95452746.0,19.04,0.0573,89.56,9.07
2023-07-08,97909594.0,19.42,0.048,91.28,8.46
2023-07-09,99563643.0,19.75,0.0575,92.36,9.49
2023-07-10,95080186.0,20.79,0.0583,90.89,9.06
2023-07-11,99258724.0,19.62,0.0667,89.9,8.82
2023-07-12,97672848.0,18.34,0.0642,92.65,8.54
2023-07-13,94766790.0,21.06,0.0643,88.97,10.0
2023-07-14,95492562.0,19.07,0.0653,91.61,8.14
2023-07-15,98515025.0,19.84,0.0539,88.92,8.09
2023-07-16,96330619.0,20.34,0.0514,90.31,8.43
2023-07-17,94428604.0,20.08,0.0599,89.17,9.94
2023-07-18,93485543.0,20.96,0.0586,89.24,9.96
2023-07-19,93666347.0,20.34,0.0483,88.54,9.31
2023-07-20,92044157.0,18.99,0.0555,91.94,9.76
2023-07-21,88415063.0,22.02,0.0513,87.73,8.43
2023-07-22,96268109.0,20.02,0.0432,87.67,9.94
2023-07-23,92055895.0,19.67,0.0647,93.34,8.29
2023-07-24,92105321.0,20.77,0.0525,91.0,8.2
2023-07-25,90759269.0,20.05,0.0725,84.23,8.22
2023-07-26,88973176.0,20.19,0.0358,87.82,9.15
2023-07-27,89642141.0,22.27,0.0466,85.27,9.56
2023-07-28,86388024.0,19.49,0.0526,86.95,8.73
2023-07-29,93716044.0,19.44,0.0638,82.52,9.96
2023-07-30,86270125.0,19.87,0.0565,88.47,8.87
2023-07-31,86254705.0,20.81,0.0557,86.41,8.3
2023-08-01,87019807.0,18.22,0.0414,88.77,8.93
2023-08-02,90060353.0,17.75,0.0412,85.35,9.36
2023-08-03,87099273.0,19.12,0.0561,88.71,9.66
2023-08-04,84186204.0,18.07,0.0394,87.67,1.4
2023-08-05,88757528.0,19.26,0.0478,91.45,3.69
2023-08-06,87303373.0,20.18,0.0582,91.22,1.03
2023-08-07,86512897.0,18.78,0.0435,89.92,2.9
2023-08-08,86464275.0,18.23,0.0695,87.65,1.77
2023-08-09,89420422.0,19.72,0.0657,92.22,3.51
2023-08-10,88602883.0,20.5,0.0379,85.09,4.92
2023-08-11,82462349.0,17.93,0.0444,85.34,2.86
2023-08-12,86688717.0,20.44,0.0309,87.93,4.27
2023-08-13,83814523.0,20.43,0.0461,92.56,3.03
2023-08-14,83655678.0,20.55,0.0617,87.59,2.98
2023-08-15,78884295.0,20.81,0.05,87.58,4.72
2023-08-16,81541456.0,21.78,0.0588,85.01,4.56
2023-08-17,79872001.0,19.21,0.0391,89.74,4.14
2023-08-18,82771207.0,19.67,0.0624,89.7,2.19
2023-08-19,82876701.0,19.13,0.049,89.33,3.18
2023-08-20,76207018.0,19.54,0.0547,86.44,1.9
2023-08-21,79935361.0,21.06,0.0538,86.23,2.78
2023-08-22,81848574.0,18.17,0.0421,85.01,2.94
2023-08-23,,18.65,0.0434,87.72,4.33
2023-08-24,80319719.0,20.88,0.0647,85.34,4.58
2023-08-25,79195224.0,20.51,0.0591,85.09,2.66
2023-08-26,78809455.0,19.12,0.0657,86.55,1.07
2023-08-27,77218677.0,20.32,0.0586,86.37,4.45
2023-08-28,74965239.0,19.8,0.0568,86.22,1.7
2023-08-29,74794346.0,20.95,0.0382,88.18,3.49
2023-08-30,78097020.0,19.51,0.0529,87.36,1.1
2023-08-31,76360032.0,20.46,0.0554,86.57,2.6
2023-09-01,75688775.0,22.06,0.0753,87.46,4.94
2023-09-02,74764577.0,20.01,0.0628,85.06,1.4
2023-09-03,74650402.0,19.45,0.0714,87.21,2.69
2023-09-04,77004880.0,20.11,0.0621,87.25,2.23
2023-09-05,73892692.0,19.01,0.0491,83.89,4.62
2023-09-06,71535011.0,21.76,0.0575,88.84,4.48
2023-09-07,75360232.0,19.54,0.0588,85.03,1.95
2023-09-08,73120781.0,19.08,0.0471,86.93,1.32
2023-09-09,73252742.0,18.5,0.0528,89.03,3.51
2023-09-10,76066322.0,20.43,0.0546,88.5,2.35
2023-09-11,72473052.0,20.19,0.0729,86.67,3.69
2023-09-12,72757330.0,18.81,0.0361,85.82,1.13
2023-09-13,69487678.0,19.88,0.0691,88.39,1.53
2023-09-14,71074514.0,17.78,0.0477,87.8,3.75
2023-09-15,72402989.0,19.46,0.0435,85.16,1.85
2023-09-16,67745020.0,19.72,0.0691,84.76,4.43
2023-09-17,70931026.0,20.97,0.0647,82.15,1.23
2023-09-18,70406217.0,18.48,0.0701,86.55,1.86
2023-09-19,69964229.0,17.96,0.0656,86.03,4.99
2023-09-20,71634704.0,18.33,0.0783,88.42,2.73
2023-09-21,69909699.0,17.88,0.0634,86.81,3.81
2023-09-22,71879097.0,20.55,0.0563,88.71,1.73
2023-09-23,66619592.0,20.75,0.0614,84.6,3.44
2023-09-24,68564117.0,19.51,0.0705,88.22,3.9
2023-09-25,68148368.0,20.4,0.0504,84.84,2.26
2023-09-26,65529754.0,19.3,,87.4,4.32
2023-09-27,69271335.0,19.06,0.0553,82.88,3.41
2023-09-28,71700219.0,18.82,0.0375,86.22,2.56
2023-09-29,66710625.0,18.83,0.06,81.73,3.23
2023-09-30,67450072.0,17.58,0.0398,85.11,3.31
2023-10-01,66306081.0,19.38,0.0593,86.48,1.66
2023-10-02,64408501.0,19.07,0.0676,84.5,2.61
2023-10-03,61894380.0,19.84,0.0542,83.39,2.37
2023-10-04,63826181.0,19.18,0.0759,87.14,2.6
2023-10-05,62157228.0,18.92,0.0446,85.19,4.04
2023-10-06,68054345.0,18.2,0.0712,84.37,2.93
2023-10-07,64122491.0,19.13,0.0662,85.38,4.76
2023-10-08,63369006.0,19.79,0.0423,90.52,2.17
2023-10-09,65548844.0,17.9,0.0867,87.5,2.66
2023-10-10,61238275.0,19.12,0.0591,87.47,4.15
2023-10-11,61660831.0,19.25,0.051,85.97,3.18
2023-10-12,63045020.0,18.29,0.0458,85.38,3.19
2023-10-13,64682256.0,18.41,0.0578,80.2,1.21
2023-10-14,63345449.0,19.22,0.0588,83.59,2.59
2023-10-15,62557602.0,17.85,0.0612,83.93,2.08
2023-10-16,61937562.0,19.32,0.0573,81.1,5.0
2023-10-17,62303670.0,18.06,0.0667,82.48,2.23
2023-10-18,61629864.0,20.01,0.0566,80.78,4.54
2023-10-19,58891455.0,21.28,0.0413,84.62,3.7
2023-10-20,60769873.0,18.07,0.0592,86.28,2.36
2023-10-21,58258118.0,19.45,0.0371,86.81,3.17
2023-10-22,60296901.0,18.18,0.0644,85.37,4.36
2023-10-23,58904132.0,19.94,0.0512,82.57,4.53
2023-10-24,64676327.0,17.62,0.0627,80.58,1.64
2023-10-25,59251349.0,19.36,0.0744,80.88,2.36
2023-10-26,56257662.0,18.0,0.0518,81.81,2.34
2023-10-27,58534207.0,18.65,0.072,82.52,1.17
2023-10-28,59579128.0,17.82,0.0572,83.92,3.39
2023-10-29,61626389.0,19.66,0.0791,82.17,4.42
2023-10-30,56841409.0,17.99,0.0581,84.82,2.53
2023-10-31,54597506.0,19.37,0.0534,83.63,3.96
2023-11-01,59139471.0,18.46,0.0688,84.07,3.51
2023-11-02,54489416.0,18.68,0.0577,86.27,2.5
2023-11-03,56124493.0,18.94,0.0537,81.58,1.56
2023-11-04,56229120.0,18.02,0.0574,84.73,3.84
2023-11-05,56354012.0,18.98,0.0619,83.82,4.42
2023-11-06,57621879.0,20.29,0.0758,83.13,3.74
2023-11-07,0.0,17.97,0.0432,85.51,1.07
2023-11-08,55200667.0,19.91,0.0628,85.45,1.86
2023-11-09,55473876.0,20.23,0.069,81.75,1.28
2023-11-10,55557231.0,17.9,0.0647,83.23,3.28
2023-11-11,55210627.0,17.25,0.076,84.11,4.03
2023-11-12,55645235.0,19.0,0.0623,82.95,1.44
2023-11-13,56220461.0,18.14,0.0613,84.61,4.35
2023-11-14,55078909.0,20.55,0.0691,83.96,3.22
2023-11-15,54962964.0,18.7,0.0643,87.01,3.76
2023-11-16,50654786.0,17.86,0.0595,80.23,4.89
2023-11-17,53684409.0,17.5,0.0687,83.0,1.33
2023-11-18,54308964.0,19.73,0.0571,81.38,4.6
2023-11-19,54575095.0,18.06,0.0576,84.35,1.5
2023-11-20,51501036.0,18.66,0.0585,79.86,2.57
2023-11-21,51337440.0,19.56,0.0774,83.74,4.41
2023-11-22,51278348.0,18.11,0.0318,81.73,4.63
2023-11-23,53271650.0,18.54,0.0681,81.47,3.03
2023-11-24,54040095.0,18.56,0.0646,80.0,3.38
2023-11-25,50932154.0,19.25,0.0475,81.91,3.83
2023-11-26,53338964.0,19.15,0.0675,84.96,4.33
2023-11-27,51547183.0,18.33,0.0693,82.69,1.49
2023-11-28,50830048.0,18.6,0.0705,83.95,4.24
2023-11-29,50435454.0,18.16,0.0382,85.97,2.93
2023-11-30,52132248.0,17.04,0.0785,83.12,2.8
2023-12-01,51072178.0,18.77,0.0575,81.42,2.7
2023-12-02,54755859.0,20.39,0.0719,83.43,3.04
2023-12-03,48284127.0,17.6,0.0725,81.35,4.78
2023-12-04,50810324.0,17.71,0.0564,81.38,3.19
2023-12-05,48502434.0,17.6,0.0719,79.3,4.81
2023-12-06,47610141.0,19.18,0.0616,84.14,1.72
2023-12-07,49116020.0,18.9,0.0448,81.47,3.9
2023-12-08,49202651.0,18.28,0.0773,82.56,4.25
2023-12-09,54555633.0,17.51,0.058,80.07,3.72
2023-12-10,48143475.0,18.51,0.0573,82.96,3.43
2023-12-11,46045026.0,16.84,0.0619,80.52,3.26
2023-12-12,48646153.0,18.54,0.0687,81.71,4.44
2023-12-13,43746723.0,19.26,0.0655,83.7,4.29
2023-12-14,47509081.0,17.13,0.0717,83.47,1.49
2023-12-15,47523150.0,16.84,0.0529,81.8,4.39
2023-12-16,48879512.0,19.94,0.059,78.26,2.66
2023-12-17,49037871.0,17.74,0.0654,87.73,2.01
2023-12-18,45884899.0,19.47,0.0856,85.18,4.48
2023-12-19,46393313.0,18.17,0.0656,83.09,2.73
2023-12-20,44965889.0,18.16,0.0777,80.09,4.23
2023-12-21,44046675.0,18.75,0.0673,81.31,2.05
2023-12-22,46728334.0,17.41,0.0622,80.4,1.02
2023-12-23,43368188.0,18.42,0.0646,83.97,2.98
2023-12-24,44893985.0,17.9,0.0655,81.92,1.4
2023-12-25,43541829.0,16.95,0.0734,79.77,4.02
2023-12-26,46441535.0,18.6,0.0812,80.35,2.1
2023-12-27,48756069.0,17.98,0.0711,83.48,2.77
2023-12-28,42362117.0,18.08,0.0795,84.39,1.35
2023-12-29,41072378.0,17.02,0.0581,84.2,2.15
2023-12-30,44342796.0,19.81,0.0637,82.61,4.13
2023-12-31,44439148.0,19.08,0.0607,80.54,1.61
2024-01-01,44661276.0,19.16,0.0712,74.51,3.59
2024-01-02,43148540.0,17.88,0.0645,81.54,4.67
2024-01-03,43458137.0,16.45,0.0755,80.89,3.72
2024-01-04,44413679.0,20.12,0.059,81.12,4.24
2024-01-05,45579766.0,18.1,0.0688,80.9,1.44
2024-01-06,39410049.0,17.4,0.0754,78.09,2.0
2024-01-07,42404502.0,18.55,0.048,81.81,4.58
2024-01-08,43393221.0,19.3,0.0899,81.91,3.86
2024-01-09,40953856.0,18.1,0.066,81.96,3.56
2024-01-10,46077330.0,19.39,0.0487,82.43,3.66
2024-01-11,41170326.0,19.18,0.0706,81.7,2.66
2024-01-12,42185684.0,17.01,0.0695,79.62,1.18
2024-01-13,43208399.0,17.4,0.0684,80.25,4.14
2024-01-14,40742830.0,19.03,0.0792,80.52,3.71
2024-01-15,38062251.0,15.35,0.0769,80.51,2.89
2024-01-16,40729035.0,17.9,0.0725,82.24,4.6
2024-01-17,43477115.0,16.61,0.0741,81.48,2.34
2024-01-18,40577273.0,17.55,0.0687,84.29,2.18
2024-01-19,39391959.0,17.72,0.0876,84.5,4.49
2024-01-20,42770866.0,17.65,0.0551,80.2,4.19
2024-01-21,40093591.0,17.45,0.0714,72.32,3.06
2024-01-22,39571360.0,16.89,0.0708,82.41,1.52
2024-01-23,40728049.0,20.27,0.0784,78.81,1.86
01/24/2024,41809005.0,19.84,0.0619,78.24,3.62
2024-01-25,44870206.0,16.8,0.053,78.99,2.54
2024-01-26,41601428.0,19.53,0.0721,78.85,4.35
2024-01-27,42107710.0,17.54,0.0734,80.91,4.8
2024-01-28,38618066.0,18.06,0.0856,76.52,4.22
2024-01-29,37421119.0,17.85,0.0581,77.43,2.51
2024-01-30,39441259.0,17.25,0.0825,80.23,4.15
2024-01-31,39375558.0,18.88,0.0947,80.74,2.41
2024-02-01,36849689.0,18.01,,80.72,1.67
2024-02-02,38502494.0,17.4,0.0583,77.82,1.13
2024-02-03,39498954.0,16.56,0.0673,77.38,2.54
2024-02-04,39269203.0,16.96,0.0716,78.28,4.61
2024-02-05,39405949.0,16.21,0.0772,79.72,1.96
2024-02-06,38829113.0,17.85,0.0657,82.16,1.83
2024-02-07,37083826.0,16.63,0.0873,75.04,4.88
2024-02-08,36921548.0,17.55,0.0607,78.65,1.1
2024-02-09,35403793.0,19.18,0.0545,76.37,4.14
2024-02-10,41224430.0,19.0,0.0831,75.68,2.29
2024-02-11,37535798.0,17.76,0.0494,80.87,1.15
2024-02-12,36914037.0,17.69,0.0702,79.98,4.67
2024-02-13,35361829.0,19.65,0.1035,79.74,1.56
2024-02-14,42947220.0,18.28,0.0723,80.63,3.21
2024-02-15,34786555.0,17.42,0.0613,77.78,2.1
2024-02-16,35933635.0,16.31,0.072,77.82,1.26
2024-02-17,37481933.0,18.12,0.0722,83.01,1.2
2024-02-18,37710417.0,18.55,0.0744,78.1,1.46
2024-02-19,38286388.0,17.08,0.0795,80.01,1.29
2024-02-20,39847069.0,17.99,0.0626,78.5,4.04
2024-02-21,37106289.0,17.32,0.09,74.74,2.94
2024-02-22,33844821.0,17.49,0.0757,74.3,2.37
2024-02-23,35306686.0,15.18,0.0806,77.18,2.67
2024-02-24,36300715.0,17.44,0.0671,80.4,4.72
2024-02-25,39686753.0,18.62,0.0864,79.81,4.64
2024-02-26,32620713.0,17.01,0.0711,80.02,3.86
2024-02-27,37688270.0,17.68,0.0765,76.16,4.54
2024-02-28,35510502.0,16.86,0.0645,81.32,2.28
2024-02-29,36694653.0,17.97,0.064,76.11,2.52
2024-03-01,34684078.0,17.38,0.0809,78.41,3.45
2024-03-02,33073032.0,16.65,0.0697,77.92,3.49
2024-03-03,36130222.0,18.91,0.0657,77.54,2.93
2024-03-04,35808663.0,18.5,0.0679,80.52,2.6
2024-03-05,36315983.0,16.95,0.0814,76.38,4.94
2024-03-06,34218066.0,18.05,0.0682,75.04,4.28
2024-03-07,32918572.0,18.07,0.0734,77.73,2.74
2024-03-08,30874915.0,18.17,0.0749,76.84,3.91
2024-03-09,35506236.0,15.82,0.0557,84.34,2.08
2024-03-10,34590992.0,18.51,0.0602,78.89,1.4
2024-03-11,31688092.0,16.93,0.0784,76.67,2.41
2024-03-12,32419672.0,17.13,0.0678,75.33,2.61
2024-03-13,32441176.0,20.12,0.0858,73.63,1.07
2024-03-14,30287309.0,17.77,0.085,75.29,4.26
2024-03-15,31497203.0,17.07,0.0826,77.52,2.44
2024-03-16,30744900.0,15.24,0.0937,80.09,3.32
2024-03-17,32068295.0,18.83,0.0748,79.43,1.3
2024-03-18,31297246.0,16.08,0.0822,77.6,1.7
2024-03-19,29402711.0,16.41,0.07,76.44,4.56
2024-03-20,36584669.0,17.08,0.1004,77.57,3.43
2024-03-21,34928024.0,18.81,0.0959,75.95,4.8
2024-03-22,30749039.0,18.16,0.0762,80.37,5.0
2024-03-23,32736735.0,17.22,0.0801,76.51,2.49
2024-03-24,32912311.0,17.68,0.0899,76.66,2.2
2024-03-25,34345713.0,16.76,0.075,72.36,4.43
2024-03-26,30213160.0,17.49,0.07,76.35,4.99
2024-03-27,33922077.0,17.41,0.0854,78.36,3.52
2024-03-28,30530208.0,18.3,0.0775,74.5,4.18
2024-03-29,28843108.0,18.28,0.0787,75.09,4.13
2024-03-30,32852575.0,17.8,0.0686,78.12,2.42
2024-03-31,33875939.0,16.93,0.0599,73.53,3.3
2024-04-01,36361009.0,18.03,0.0795,78.55,4.33
2024-04-02,28677155.0,17.19,0.0863,75.32,3.75
2024-04-03,32366501.0,16.19,0.0751,75.56,1.08
2024-04-04,30041755.0,16.85,0.0918,74.04,2.35
2024-04-05,32321406.0,17.33,0.0705,76.99,1.58
2024-04-06,27707673.0,18.15,0.0671,81.11,1.93
2024-04-07,28017705.0,17.04,0.0771,77.7,4.62
2024-04-08,28886714.0,16.01,0.077,74.36,1.15
2024-04-09,30492234.0,17.26,0.0856,78.31,1.88
2024-04-10,28948605.0,17.31,0.0703,75.35,2.24
2024-04-11,31445955.0,17.37,0.0918,78.68,3.47
2024-04-12,32079328.0,18.1,0.0979,77.5,3.14
2024-04-13,31122998.0,18.19,0.0779,69.95,1.87
2024-04-14,33060329.0,16.56,0.0909,73.78,1.66
2024-04-15,30553922.0,16.53,0.068,77.62,1.95
2024-04-16,27188593.0,16.1,0.0894,75.99,3.01
2024-04-17,32249855.0,17.83,0.0892,73.59,2.08
2024-04-18,28214102.0,18.57,0.0875,74.32,4.79
2024-04-19,31147155.0,16.79,0.0788,71.72,2.86
2024-04-20,32376281.0,16.86,0.0495,75.31,1.24
2024-04-21,30045269.0,18.55,0.0727,79.86,3.92
2024-04-22,26043240.0,17.58,0.073,77.0,2.32
2024-04-23,27103378.0,17.5,0.0695,79.72,3.61
2024-04-24,31490115.0,15.87,0.0807,77.05,2.12
2024-04-25,28411779.0,17.73,0.0753,77.29,3.28
2024-04-26,28815142.0,16.11,0.0714,79.13,4.09
2024-04-27,30080184.0,15.89,0.0691,75.89,4.71
2024-04-28,29862288.0,16.67,0.0727,74.71,2.04
2024-04-29,28934912.0,16.42,0.0911,77.1,2.34
2024-04-30,27868207.0,16.78,0.0734,77.89,2.86
2024-05-01,27568996.0,15.55,0.075,73.98,4.71
2024-05-02,29819475.0,17.94,0.0757,73.44,4.61
2024-05-03,29120714.0,18.09,0.0837,75.11,1.36
2024-05-04,27409422.0,15.01,0.085,76.45,1.53
2024-05-05,29999241.0,17.93,0.0501,76.33,2.98
2024-05-06,27488486.0,16.13,0.0908,71.84,1.43
2024-05-07,25955310.0,17.78,0.0951,78.46,2.38
2024-05-08,26053312.0,16.85,0.0703,73.3,1.59
2024-05-09,25526927.0,16.94,0.0712,74.0,3.54
2024-05-10,26853277.0,16.71,0.0765,72.68,4.8
2024-05-11,29779765.0,18.1,0.0736,79.83,4.99
2024-05-12,25616874.0,15.64,0.0835,74.87,2.5
2024-05-13,27519289.0,17.47,0.0619,72.63,3.4
2024-05-14,25744755.0,17.96,0.0703,76.01,4.43
2024-05-15,26453832.0,17.56,0.0969,75.77,1.47
2024-05-16,23871202.0,19.16,0.0723,73.81,3.76
2024-05-17,26367558.0,16.3,0.0942,75.82,2.64
2024-05-18,26339085.0,17.77,0.0854,72.43,1.82
2024-05-19,27725444.0,16.7,0.0638,73.05,2.61
2024-05-20,27010310.0,18.03,0.0884,69.96,1.3
2024-05-21,24086348.0,16.78,0.081,71.29,3.78
2024-05-22,28571416.0,16.39,0.0777,77.5,2.01
2024-05-23,26744012.0,18.07,0.0848,77.12,2.25
2024-05-24,26641077.0,16.27,0.0872,73.92,1.48
2024-05-25,26147305.0,15.33,0.0896,77.06,4.46
2024-05-26,25052026.0,16.22,0.0944,73.36,2.97
2024-05-27,26445507.0,17.35,0.0868,73.15,3.29
2024-05-28,26883929.0,18.11,0.0691,73.7,3.28
2024-05-29,22362295.0,16.82,0.0782,73.28,2.64
2024-05-30,24702382.0,18.01,,73.05,1.77
2024-05-31,25194307.0,15.33,0.0904,75.72,3.98
2024-06-01,,16.23,0.1069,73.68,1.51
2024-06-02,27940848.0,16.38,0.0973,74.76,1.42
2024-06-03,23936469.0,16.54,0.0859,75.35,3.84
2024-06-04,24410221.0,16.73,0.0865,74.01,1.84
2024-06-05,24307740.0,17.33,0.0833,71.24,2.23
2024-06-06,23656882.0,16.18,0.0664,70.43,2.9
2024-06-07,24493157.0,16.76,0.084,73.38,2.8
2024-06-08,26657189.0,16.56,0.096,72.69,3.83
2024-06-09,22936427.0,15.67,0.078,73.16,3.49
2024-06-10,25828697.0,16.47,0.0883,72.9,3.58
2024-06-11,21498689.0,16.43,0.0928,78.05,3.86
2024-06-12,23709694.0,16.4,0.0752,70.17,2.17
2024-06-13,24103719.0,16.59,0.0799,68.8,2.29
2024-06-14,28043192.0,16.62,0.0744,73.4,2.75
2024-06-15,24075088.0,16.1,0.0764,71.93,2.23
2024-06-16,20153870.0,17.8,0.0719,73.26,4.94
2024-06-17,20490684.0,15.35,0.0758,73.75,4.26
2024-06-18,24489065.0,15.79,0.0991,75.1,1.66
2024-06-19,25581528.0,19.28,0.0759,69.47,1.02
2024-06-20,25038314.0,15.45,0.0864,71.32,7.92
2024-06-21,24556390.0,15.12,0.0802,73.24,8.19
2024-06-22,26480046.0,17.2,0.0971,73.87,7.53
2024-06-23,23011051.0,14.38,0.0985,76.67,8.29
2024-06-24,25815186.0,16.21,0.0942,74.14,8.97
2024-06-25,20696891.0,18.58,0.0887,72.07,7.1
2024-06-26,22087002.0,14.88,0.0834,70.35,8.77
2024-06-27,20219212.0,14.43,0.0739,70.95,8.12
2024-06-28,23220418.0,14.91,0.1054,70.85,7.5
2024-06-29,23614816.0,17.29,0.0784,73.29,8.91
2024-06-30,23873185.0,17.51,0.0928,72.45,7.97
2024-07-01,23706803.0,15.86,0.0968,69.23,7.66
2024-07-02,21666393.0,17.05,0.0808,70.96,7.36
2024-07-03,23079889.0,17.75,0.0968,73.54,7.49
2024-07-04,20404753.0,18.13,0.0942,72.44,8.67
2024-07-05,26065783.0,16.09,0.1039,72.82,8.23
2024-07-06,22672153.0,14.02,0.082,72.4,8.83
2024-07-07,22242113.0,15.5,0.074,74.83,7.46
2024-07-08,26338642.0,15.88,0.0819,72.0,7.24
2024-07-09,20617539.0,16.04,0.0891,70.71,7.01
2024-07-10,20792523.0,16.1,0.0877,69.6,8.02
2024-07-11,20793312.0,17.4,0.0833,71.88,9.0
2024-07-12,22792455.0,17.54,0.0682,66.45,8.39
2024-07-13,23734293.0,16.08,0.0921,70.91,7.62
2024-07-14,24293599.0,17.34,0.1073,70.82,8.75
2024-07-15,27901840.0,16.59,0.0923,68.45,8.56
2024-07-16,18202967.0,16.29,0.0938,69.27,7.03
2024-07-17,23863665.0,17.12,0.0936,72.7,8.63
2024-07-18,21476673.0,16.28,0.0919,71.49,7.6
2024-07-19,21363219.0,18.25,0.0974,71.18,1.51
2024-07-20,21241995.0,14.75,0.0921,71.54,3.18
2024-07-21,20609862.0,15.66,0.0851,71.07,4.43
2024-07-22,25742683.0,16.04,0.0804,73.32,3.71
2024-07-23,24004828.0,16.6,0.0859,71.03,2.18
2024-07-24,22313593.0,17.41,0.0917,67.81,3.25
2024-07-25,24916564.0,16.11,0.0855,73.94,3.86
2024-07-26,19137169.0,14.7,0.0919,71.37,3.91
2024-07-27,19448873.0,16.96,0.0932,69.4,3.67
2024-07-28,17702762.0,16.86,0.0973,68.02,4.48
2024-07-29,20608641.0,14.15,0.1019,71.27,4.48
2024-07-30,22279996.0,16.08,0.0899,70.2,3.32
2024-07-31,22111798.0,14.49,0.0762,73.53,2.72
2024-08-01,22154599.0,15.4,0.0859,69.64,3.57
2024-08-02,18983986.0,15.15,0.0899,68.61,4.27
2024-08-03,23362942.0,16.86,0.0712,72.02,1.02
2024-08-04,22186768.0,16.15,0.1035,72.03,4.97
2024-08-05,23124847.0,14.74,0.0912,70.47,1.73
2024-08-06,17824783.0,16.9,0.0937,71.43,2.88
2024-08-07,22185200.0,14.57,0.1036,69.95,4.49
2024-08-08,19138938.0,16.33,0.0837,70.45,1.9
2024-08-09,20672411.0,15.17,0.0959,72.26,2.91
2024-08-10,22488713.0,15.61,0.0891,71.13,1.53
2024-08-11,21555431.0,16.47,0.0885,69.49,2.58
2024-08-12,19623758.0,16.48,0.0827,72.48,1.71
2024-08-13,21293310.0,17.28,0.1072,65.0,2.45
2024-08-14,18171948.0,15.85,0.0869,73.78,2.49
2024-08-15,23490138.0,16.23,0.0977,66.22,4.97
2024-08-16,20733945.0,15.48,0.0721,68.33,4.98
2024-08-17,23336849.0,16.09,0.1027,69.45,1.46
2024-08-18,20002245.0,16.34,0.1016,69.19,3.9
2024-08-19,19964037.0,15.79,0.0921,71.44,1.21
2024-08-20,19439016.0,14.07,0.089,67.26,1.12
2024-08-21,22676258.0,16.2,0.0953,69.85,1.42
2024-08-22,19461884.0,16.22,0.1143,68.12,4.86
2024-08-23,22127089.0,15.17,0.0739,69.82,4.76
2024-08-24,20030460.0,14.55,0.0995,69.05,1.78
2024-08-25,16801216.0,17.3,0.0826,69.32,1.65
2024-08-26,19570604.0,16.31,0.0916,67.98,1.96
2024-08-27,18311414.0,15.58,0.0895,68.01,3.06
2024-08-28,20696142.0,14.66,0.0878,69.55,3.28
2024-08-29,18206533.0,14.96,0.092,70.82,1.89
2024-08-30,22398615.0,17.08,0.0809,67.68,4.03
2024-08-31,20324133.0,15.9,0.1026,67.09,2.24
2024-09-01,20111014.0,15.21,0.0745,70.01,4.69
2024-09-02,21738211.0,16.26,0.0979,68.66,3.63
2024-09-03,22314761.0,14.92,0.0894,70.34,2.75
2024-09-04,20307566.0,17.23,0.081,66.82,4.16
2024-09-05,18766475.0,17.07,0.0949,65.02,4.27
2024-09-06,16722343.0,15.24,0.0774,67.46,2.16
2024-09-07,18859882.0,15.07,0.0934,66.95,2.36
2024-09-08,18959548.0,13.07,0.0789,68.27,4.74
2024-09-09,20370367.0,14.19,0.0979,67.1,1.66
2024-09-10,19428527.0,14.33,0.0841,69.81,1.17
2024-09-11,21457541.0,15.79,0.0889,67.7,2.82
2024-09-12,18818849.0,15.32,0.0965,68.53,4.2
2024-09-13,19894158.0,14.29,0.0859,68.49,4.09
2024-09-14,22339922.0,15.34,0.0932,68.52,4.68
2024-09-15,20619586.0,16.12,0.0787,68.03,3.13
2024-09-16,19780129.0,16.13,0.1003,69.05,1.4
2024-09-17,18660861.0,13.7,0.1117,66.39,3.35
2024-09-18,18563110.0,15.46,0.1221,70.73,4.11
2024-09-19,18093445.0,14.19,0.0952,67.4,1.37
2024-09-20,18678031.0,16.47,0.1022,65.2,1.69
2024-09-21,21237022.0,16.34,0.0766,68.15,1.05
2024-09-22,19247831.0,14.65,0.1096,66.03,3.37
2024-09-23,16958249.0,14.77,0.1024,69.01,4.55
2024-09-24,23160590.0,15.06,0.0899,72.05,3.68
2024-09-25,20230905.0,13.26,0.1072,66.0,4.93
2024-09-26,16744078.0,15.84,0.0924,68.19,1.25
2024-09-27,18641521.0,15.22,0.0905,63.97,4.61
2024-09-28,19714510.0,16.46,0.0999,68.34,4.26
2024-09-29,22869701.0,14.38,0.0846,65.61,2.26
2024-09-30,17212333.0,14.85,0.1056,66.08,4.89
2024-10-01,21348939.0,13.95,0.0849,65.07,2.15
2024-10-02,22164389.0,14.44,0.085,68.69,4.56
2024-10-03,18076923.0,14.25,0.0865,69.19,4.52
2024-10-04,18748276.0,16.42,0.1033,67.17,4.03
2024-10-05,17200010.0,14.72,0.0897,65.35,3.25
2024-10-06,18835284.0,15.53,0.0825,70.21,1.48
2024-10-07,19138857.0,15.01,0.09,65.48,3.13
2024-10-08,20501418.0,14.12,0.0958,62.6,2.43
2024-10-09,21332815.0,15.21,0.0844,67.79,4.17
2024-10-10,17626834.0,15.96,0.0848,64.62,4.03
2024-10-11,15159201.0,14.15,0.1176,68.75,4.64
10/12/2024,19022433.0,16.15,0.0879,65.96,1.06
2024-10-13,19623312.0,14.49,0.0934,67.88,4.24
2024-10-14,19506631.0,14.84,0.0931,69.43,4.75
2024-10-15,18326249.0,15.85,0.0926,64.16,4.16
2024-10-16,19201141.0,14.64,0.1032,65.39,1.52
2024-10-17,21954807.0,15.33,0.1065,66.33,1.33
2024-10-18,19659904.0,14.97,0.0941,69.5,1.08
2024-10-19,18122455.0,15.4,0.0849,65.06,3.51
2024-10-20,17841788.0,12.88,0.1101,65.14,3.52
2024-10-21,18475706.0,13.43,0.0965,67.23,4.95
2024-10-22,22062351.0,15.86,0.1149,65.07,2.59
2024-10-23,18395963.0,16.27,0.0752,66.48,2.33
2024-10-24,18696899.0,14.31,0.0997,63.02,3.5
2024-10-25,17746015.0,14.97,0.117,70.5,4.3
2024-10-26,20882992.0,15.5,0.0944,63.33,4.75
2024-10-27,22579311.0,15.89,0.0958,65.33,4.21
2024-10-28,19535700.0,13.16,0.1011,65.86,2.71
2024-10-29,18775083.0,14.29,0.0927,69.7,3.54
2024-10-30,18658391.0,14.83,0.0952,63.18,4.43
2024-10-31,13791723.0,15.86,0.0951,69.74,2.96
2024-11-01,20026371.0,17.64,0.0923,67.24,1.87
2024-11-02,18780357.0,14.91,0.1109,66.51,1.68
2024-11-03,19344883.0,13.72,0.1034,63.66,1.0
2024-11-04,17041667.0,15.52,0.1014,66.72,3.87
2024-11-05,17672289.0,16.43,0.107,64.08,1.44
2024-11-06,17595981.0,15.2,0.0964,68.01,1.98
2024-11-07,20438320.0,14.18,0.0914,63.48,2.19
2024-11-08,17614813.0,16.03,0.0932,65.15,3.24
2024-11-09,22515124.0,15.73,0.0994,64.21,2.59
2024-11-10,19189213.0,14.03,0.0889,63.3,3.7
2024-11-11,15754018.0,15.43,0.0945,66.71,1.22
2024-11-12,18026396.0,16.03,0.0945,66.25,1.5
2024-11-13,16958453.0,16.21,0.121,67.54,3.0
2024-11-14,13851562.0,14.95,0.0721,61.52,2.35
2024-11-15,21417999.0,14.65,0.0982,67.15,2.18
2024-11-16,19604278.0,16.22,0.1173,69.99,1.27
2024-11-17,19243549.0,13.77,0.1014,64.02,4.58
2024-11-18,18487288.0,15.41,0.1078,68.67,3.77
2024-11-19,15371994.0,13.59,0.1013,64.3,1.49
2024-11-20,17148545.0,16.02,0.0938,62.03,1.26
2024-11-21,19779293.0,14.69,0.0781,64.11,4.9
2024-11-22,15973443.0,16.2,0.1027,66.77,3.72
2024-11-23,12992695.0,15.42,0.093,62.95,2.67
2024-11-24,17582571.0,13.69,0.0928,63.37,3.81
2024-11-25,17734014.0,16.33,0.096,65.71,4.03
2024-11-26,18269598.0,16.45,0.1185,64.48,4.12
2024-11-27,19436645.0,15.77,0.1252,65.59,2.91
2024-11-28,19236151.0,14.11,0.1034,64.85,2.72
2024-11-29,18460003.0,14.56,0.0967,65.28,1.04
2024-11-30,20315243.0,15.0,0.0897,63.41,4.71
2024-12-01,14868149.0,14.14,0.1062,64.69,3.41
2024-12-02,18897350.0,16.53,0.1195,62.32,1.81
2024-12-03,19123550.0,14.97,0.0993,66.7,4.68
2024-12-04,15373825.0,12.11,0.0781,62.81,4.66
2024-12-05,14829871.0,15.14,0.1087,66.28,4.96
2024-12-06,16326578.0,14.45,0.1119,63.51,4.5
2024-12-07,16478415.0,14.71,0.0863,64.33,4.99
2024-12-08,19291557.0,14.41,0.104,62.88,1.98
2024-12-09,16539044.0,15.57,0.1069,61.79,4.37
2024-12-10,16039011.0,15.87,0.1017,60.28,4.29
2024-12-11,16512209.0,15.03,0.0946,61.61,1.92
2024-12-12,19956690.0,14.4,0.1128,63.03,1.39
2024-12-13,17729642.0,14.68,0.0987,64.05,4.92
2024-12-14,17329362.0,14.73,0.088,65.59,2.18
2024-12-15,17452340.0,13.9,0.0825,62.63,4.48
2024-12-16,20241136.0,15.27,0.1157,61.71,1.02
2024-12-17,16143512.0,15.14,0.1093,60.54,1.08
2024-12-18,20257889.0,16.22,0.1041,64.33,2.86
2024-12-19,18033056.0,15.92,0.099,66.09,1.95
2024-12-20,17276590.0,13.97,0.0982,65.81,3.76
2024-12-21,22584768.0,15.46,0.0928,64.64,3.26
2024-12-22,15457398.0,13.68,0.0993,64.45,1.31
2024-12-23,16847187.0,15.32,0.0826,66.52,1.65
2024-12-24,15075748.0,14.1,0.0965,63.74,2.55
2024-12-25,19431756.0,13.58,0.1008,64.32,1.74
2024-12-26,20891600.0,14.87,0.1102,62.33,4.17
2024-12-27,20839626.0,11.91,0.1038,60.2,2.66
2024-12-28,19934403.0,12.82,0.1122,61.51,1.37
2024-12-29,17078157.0,14.39,0.1178,62.8,2.94
2024-12-30,16729972.0,14.64,0.115,62.89,1.36
2024-12-31,14105336.0,14.18,0.1093,66.58,1.52
2025-01-01,21506808.0,12.96,0.1048,62.84,1.96
2025-01-02,18360565.0,13.71,0.0949,64.98,4.44
2025-01-03,16426406.0,14.91,0.1123,61.7,4.7
2025-01-04,20054305.0,15.09,0.1218,61.9,4.31
2025-01-05,15440694.0,14.48,0.1085,59.81,2.34
2025-01-06,18187659.0,15.64,0.1243,60.94,2.09
2025-01-07,17017507.0,14.87,0.09,63.43,3.2
2025-01-08,18628629.0,13.72,0.0938,62.34,3.89
2025-01-09,17212793.0,14.17,0.114,64.16,4.97
2025-01-10,14426907.0,13.04,0.1082,62.58,1.53
2025-01-11,17468894.0,14.33,0.1188,61.47,1.2
2025-01-12,19404603.0,15.54,0.1056,66.42,3.78
2025-01-13,17237730.0,15.1,0.0972,61.88,4.33
2025-01-14,18835834.0,15.81,0.1038,64.35,4.39
2025-01-15,15184138.0,14.09,0.0907,61.17,3.71
2025-01-16,,15.73,0.0949,63.34,4.82
2025-01-17,16005818.0,14.18,0.116,63.73,3.04
2025-01-18,18738848.0,15.84,0.1151,62.24,4.66
2025-01-19,17298066.0,14.33,0.1101,57.06,4.87
2025-01-20,18605576.0,15.05,0.0893,61.76,4.39
2025-01-21,19391343.0,15.81,0.1031,64.13,2.24
2025-01-22,18589801.0,14.13,0.0945,62.68,1.78
2025-01-23,17743588.0,14.53,0.1186,62.46,3.19
2025-01-24,15191861.0,15.59,0.1011,58.08,2.81
2025-01-25,17173792.0,14.16,0.0962,60.03,4.51
2025-01-26,16104407.0,12.96,0.1075,62.24,1.4
2025-01-27,16473827.0,16.42,0.1009,62.19,2.03
2025-01-28,16404397.0,13.79,0.1222,63.75,4.01
2025-01-29,15185267.0,14.41,0.1001,60.98,1.38
2025-01-30,13222235.0,15.4,0.0936,62.03,2.28
2025-01-31,15792562.0,13.63,0.0861,61.2,2.55
2025-02-01,17507682.0,13.22,0.1074,59.15,3.49
2025-02-02,14416784.0,14.47,0.1022,56.56,1.63
2025-02-03,17136856.0,12.41,0.0937,61.88,4.44
2025-02-04,20898520.0,13.91,0.12,61.32,2.79
2025-02-05,19136726.0,14.43,0.1148,59.68,4.67
2025-02-06,20370462.0,13.9,0.108,57.63,2.87
2025-02-07,17858537.0,12.62,0.122,62.08,2.1
2025-02-08,19404338.0,15.75,0.1151,60.24,1.57
2025-02-09,,14.25,0.1003,61.83,1.01
2025-02-10,15767116.0,15.57,0.0983,64.4,3.13
2025-02-11,11570956.0,13.86,0.1169,56.34,1.43
2025-02-12,19415100.0,13.23,0.1128,59.17,2.57
2025-02-13,20117161.0,14.37,0.1107,60.1,3.36
2025-02-14,15923995.0,13.88,0.1006,63.38,2.1
2025-02-15,16516412.0,12.91,0.1152,57.15,1.7
2025-02-16,15510688.0,15.54,0.1017,64.24,4.1
2025-02-17,17777945.0,13.44,0.1083,60.59,4.79
2025-02-18,19256858.0,12.21,0.1239,60.08,1.4
2025-02-19,13515932.0,15.37,0.103,59.82,1.62
2025-02-20,17814963.0,13.53,0.0939,59.3,4.84
2025-02-21,16437480.0,13.42,0.0992,62.22,1.15
2025-02-22,17212475.0,12.25,0.1198,57.93,4.91
2025-02-23,17898664.0,15.74,0.1125,60.71,1.02
2025-02-24,16599385.0,12.7,0.1088,59.2,4.49
2025-02-25,16763854.0,14.04,0.1051,58.4,2.23
2025-02-26,16538640.0,14.89,0.1151,65.04,4.75
2025-02-27,18902508.0,14.39,0.1019,60.66,2.27
2025-02-28,17795003.0,13.89,0.1135,61.0,3.62
2025-03-01,17394380.0,12.24,0.1032,62.0,1.32
2025-03-02,14407160.0,13.12,0.1017,56.83,1.97
2025-03-03,16187875.0,14.11,0.1044,63.12,4.09
2025-03-04,18738465.0,13.13,0.1071,54.55,3.11
2025-03-05,17012731.0,14.11,0.1105,57.98,4.71
2025-03-06,18252730.0,14.58,0.1134,58.55,2.72
2025-03-07,20463139.0,14.85,0.0743,60.58,4.48
2025-03-08,19003893.0,12.65,0.1032,59.81,2.8
2025-03-09,17109681.0,16.06,0.1074,58.99,4.92
2025-03-10,15898185.0,14.62,0.1265,59.25,4.84
2025-03-11,11809980.0,13.84,0.1008,57.26,2.32
2025-03-12,16577340.0,14.92,0.1133,56.17,4.54
2025-03-13,16259230.0,16.19,0.1267,60.57,4.39
2025-03-14,17689247.0,12.38,0.0987,60.46,1.84
2025-03-15,16598078.0,13.58,0.1159,62.19,3.5
2025-03-16,16262604.0,11.42,0.104,57.39,1.29
2025-03-17,13342176.0,13.98,0.1071,60.3,4.35
2025-03-18,15018749.0,14.14,0.1042,58.3,1.7
2025-03-19,17849809.0,13.72,0.105,61.2,1.28
2025-03-20,20326255.0,13.1,0.1397,60.81,2.6
2025-03-21,16697432.0,11.69,0.121,59.14,3.31
2025-03-22,17546258.0,14.11,0.1237,57.99,4.42
2025-03-23,18793854.0,15.18,0.1177,60.54,4.9
2025-03-24,15265481.0,13.12,0.0968,59.86,2.76
2025-03-25,17619376.0,14.14,0.1169,57.15,1.24
2025-03-26,15403354.0,12.13,0.1238,55.81,4.0
2025-03-27,18612676.0,14.14,0.1046,57.84,3.26
2025-03-28,17184634.0,13.28,0.1229,61.4,2.79
2025-03-29,17477637.0,12.9,0.1204,60.61,2.24
2025-03-30,15314547.0,12.89,0.132,56.04,3.01
2025-03-31,18292926.0,13.25,0.1094,55.88,2.35
2025-04-01,21047507.0,14.02,0.1027,60.72,4.03
2025-04-02,14861582.0,12.31,0.1101,55.85,3.18
2025-04-03,16197315.0,13.22,0.1282,59.09,4.51
2025-04-04,17339579.0,13.56,0.0957,56.79,3.17
2025-04-05,18448809.0,12.49,0.0934,61.2,1.95
2025-04-06,15756639.0,15.38,0.1151,56.38,4.4
2025-04-07,11209506.0,12.72,0.1098,60.15,3.23
2025-04-08,19593883.0,12.89,0.1144,58.19,1.83
2025-04-09,18396553.0,12.58,0.1239,58.27,3.49
2025-04-10,13389782.0,15.34,0.109,53.78,2.43
2025-04-11,15660776.0,14.09,0.0959,53.26,4.38
2025-04-12,20012613.0,12.59,0.1352,57.18,2.81
2025-04-13,19772274.0,14.62,0.1049,58.06,3.91
2025-04-14,18754492.0,13.7,0.1044,55.27,1.38
2025-04-15,16525615.0,13.75,0.1261,55.29,2.58
2025-04-16,17044539.0,13.14,0.1113,58.54,4.93
2025-04-17,16617534.0,12.72,0.1146,58.49,4.23
2025-04-18,19136782.0,13.8,0.1202,57.04,1.64
2025-04-19,15129630.0,12.91,0.1263,58.83,2.11
2025-04-20,15270823.0,15.26,0.1122,54.87,2.32
2025-04-21,18904173.0,12.16,0.1309,56.46,3.6
2025-04-22,16796197.0,14.96,0.0944,60.41,4.03
2025-04-23,19643244.0,13.3,0.1235,57.2,4.0
2025-04-24,15544767.0,13.7,0.1076,57.27,3.04
2025-04-25,16779809.0,14.23,0.1298,61.58,4.24
2025-04-26,15046207.0,12.75,0.1176,54.12,2.75
2025-04-27,16907517.0,14.24,0.1095,58.46,1.5
2025-04-28,13937547.0,10.66,0.123,60.14,3.26
2025-04-29,15921314.0,12.63,0.1254,56.12,4.81
2025-04-30,14026104.0,12.42,0.123,58.44,4.17
2025-05-01,18288579.0,12.08,0.1064,54.7,3.31
2025-05-02,18336121.0,13.11,0.1119,55.24,3.59
2025-05-03,13444715.0,13.7,0.1168,57.34,4.72
2025-05-04,19575399.0,14.01,0.1166,58.11,2.71
2025-05-05,21904933.0,13.53,0.1246,58.71,2.33
2025-05-06,17004679.0,12.62,0.097,59.56,4.91
2025-05-07,15633087.0,13.64,0.1206,56.23,4.45
2025-05-08,22566714.0,13.39,0.1145,58.7,2.29
2025-05-09,14282938.0,14.19,0.1091,55.58,2.86
2025-05-10,16963997.0,14.02,0.1101,58.02,2.66
2025-05-11,17286023.0,13.26,0.1155,56.58,1.6
2025-05-12,19620153.0,12.33,0.0818,57.01,4.83
2025-05-13,17652499.0,12.56,0.1109,56.91,2.62
2025-05-14,15939002.0,12.65,0.1092,52.81,4.5
2025-05-15,15037232.0,12.88,0.1234,53.72,1.76
2025-05-16,16259373.0,13.45,0.1101,56.12,3.19
2025-05-17,14932659.0,13.89,0.1161,52.49,1.1
2025-05-18,17045745.0,13.11,0.1338,57.48,4.06
2025-05-19,15825365.0,13.17,0.1284,57.51,3.32
2025-05-20,13969426.0,13.29,0.1276,56.37,3.5
2025-05-21,19471618.0,12.62,0.1137,53.42,1.21
2025-05-22,15969888.0,12.2,-0.01,58.38,1.84
2025-05-23,14432946.0,11.36,0.1165,59.64,1.3
2025-05-24,16636768.0,12.41,0.117,55.81,2.16
2025-05-25,17114176.0,13.57,0.1232,56.49,3.51
2025-05-26,13488725.0,12.38,0.1132,55.82,3.26
2025-05-27,17649258.0,12.84,0.1342,56.43,3.45
2025-05-28,14896031.0,13.53,0.1178,55.08,3.2
2025-05-29,20416864.0,13.57,0.1257,55.2,2.09
2025-05-30,18047267.0,11.96,0.1341,57.03,1.98
2025-05-31,16204162.0,14.03,0.13,59.86,1.55
2025-06-01,15518319.0,14.15,0.1057,52.31,4.4
2025-06-02,16803488.0,11.88,0.1243,54.86,3.47
2025-06-03,18243851.0,12.18,0.1285,52.65,1.75
2025-06-04,16972202.0,14.18,0.129,58.15,1.71
2025-06-05,16593870.0,12.84,0.109,53.74,4.49
2025-06-06,17150000.0,10.75,0.1137,51.98,3.97
2025-06-07,15830688.0,11.56,0.1303,56.09,3.64
2025-06-08,16357214.0,12.7,0.1129,58.25,2.63
2025-06-09,12877336.0,11.78,0.1176,56.04,2.05
2025-06-10,19001741.0,12.52,0.1364,55.07,4.92
2025-06-11,17657325.0,12.96,0.1203,55.43,4.19
2025-06-12,15518332.0,14.38,0.1136,57.39,2.21
2025-06-13,20868300.0,12.61,0.1122,52.77,4.39
2025-06-14,17250521.0,13.97,0.1244,54.24,4.04
2025-06-15,15009931.0,14.31,0.1078,53.51,2.19
2025-06-16,18801495.0,14.31,0.1188,52.03,2.71
2025-06-17,17889989.0,13.15,0.1247,53.66,1.74
2025-06-18,17888995.0,10.89,0.1345,56.48,1.44
2025-06-19,16254338.0,13.3,0.1282,55.35,3.89
2025-06-20,18012923.0,13.88,0.1145,55.45,2.07
2025-06-21,16594568.0,12.74,0.1336,54.41,4.28
2025-06-22,18236190.0,14.56,0.1189,55.11,4.98
2025-06-23,13320709.0,13.66,0.1096,52.41,1.31
2025-06-24,16269211.0,13.36,0.1204,53.34,2.89
2025-06-25,20587695.0,13.87,0.1366,54.3,4.21
2025-06-26,15615746.0,13.11,0.1239,54.42,4.16
2025-06-27,15948767.0,10.27,0.1225,54.45,4.04
2025-06-28,16267151.0,12.25,0.1388,53.49,2.4
2025-06-29,14740159.0,13.94,0.1083,52.96,2.82
2025-06-30,12759973.0,11.93,0.1098,59.98,3.38
2025-07-01,16722192.0,12.5,0.1066,55.43,4.9
2025-07-02,17461979.0,11.67,0.1266,54.39,2.31
2025-07-03,17092212.0,14.49,0.1246,53.05,4.69
2025-07-04,16914491.0,14.37,0.1385,52.56,2.08
2025-07-05,17297421.0,11.8,0.1256,53.15,4.96
2025-07-06,19264178.0,12.82,0.1192,53.95,3.68
2025-07-07,16844823.0,11.98,0.1234,49.55,2.85
2025-07-08,16084834.0,13.27,0.1247,50.12,3.45
2025-07-09,16678096.0,13.15,0.1069,51.94,2.09
2025-07-10,18406451.0,13.44,0.1508,53.58,2.1
2025-07-11,20079285.0,12.95,0.129,52.63,1.45
2025-07-12,16006480.0,15.55,0.126,56.02,1.46
2025-07-13,17468234.0,11.57,0.1301,50.05,2.39
2025-07-14,17954742.0,10.88,0.1312,51.46,4.05
07/15/2025,15300593.0,12.19,0.1228,55.95,3.43
2025-07-16,17334368.0,11.0,0.118,53.13,1.41
2025-07-17,14370030.0,11.07,0.1304,54.58,4.41
2025-07-18,13771183.0,11.55,0.1283,56.87,3.41
2025-07-19,18050743.0,11.62,0.1165,51.33,4.84
2025-07-20,16557527.0,11.58,0.1389,52.46,3.68
2025-07-21,17737923.0,13.04,0.1277,52.07,1.7
2025-07-22,17305719.0,12.01,0.1322,48.65,2.9
2025-07-23,15396913.0,12.32,0.1389,51.89,3.59
2025-07-24,17267469.0,13.39,0.1253,54.22,1.11
2025-07-25,14900098.0,11.72,0.1283,53.49,1.06
2025-07-26,20156626.0,12.21,0.1334,53.6,1.52
2025-07-27,14671180.0,12.83,0.1181,51.56,2.01
2025-07-28,17000047.0,10.51,0.126,50.95,2.72
2025-07-29,15315629.0,10.06,0.1268,54.75,2.95
2025-07-30,18549627.0,12.78,0.1161,51.17,1.55
2025-07-31,16754591.0,12.91,0.149,52.7,3.69
2025-08-01,16388845.0,14.48,0.1118,52.39,3.38
2025-08-02,19141364.0,12.56,0.113,54.94,2.18
2025-08-03,17502660.0,13.21,0.1392,53.9,1.05
2025-08-04,18485981.0,12.19,0.1333,49.32,1.31
2025-08-05,15498990.0,12.67,0.116,49.49,2.57
2025-08-06,14661013.0,14.03,0.1324,52.97,1.62
2025-08-07,17694122.0,10.23,0.1412,51.63,2.51
2025-08-08,16851128.0,12.76,0.1263,50.8,3.51
2025-08-09,18750859.0,14.47,0.1527,53.69,3.19
2025-08-10,17347395.0,12.6,0.1095,51.99,1.92
2025-08-11,17926640.0,13.96,0.1338,51.67,2.38
2025-08-12,14279055.0,11.67,0.1386,53.07,3.46
2025-08-13,21312077.0,12.26,0.136,50.71,4.44
2025-08-14,17216156.0,12.32,0.1251,54.55,4.01
2025-08-15,18949304.0,10.05,0.1244,49.79,3.21
2025-08-16,15891489.0,11.09,0.1318,52.63,2.45
2025-08-17,18189287.0,11.16,0.1356,54.13,2.46
2025-08-18,14977225.0,13.06,0.1336,48.46,4.52
2025-08-19,18496748.0,13.1,0.1381,50.47,1.16
2025-08-20,16890414.0,12.55,0.1176,53.4,4.95
2025-08-21,17670545.0,13.04,0.1256,53.38,3.66
2025-08-22,19017964.0,12.04,0.1186,50.67,3.72
2025-08-23,15166839.0,13.39,0.1242,49.49,1.15
2025-08-24,16272890.0,12.19,0.1383,52.82,3.42
2025-08-25,18566525.0,12.23,0.1294,53.23,2.94
2025-08-26,21858374.0,11.9,0.1544,48.48,1.42
2025-08-27,17395870.0,12.84,,48.35,2.11
2025-08-28,18864460.0,11.72,0.1292,51.16,4.56
2025-08-29,17478447.0,13.11,0.1297,51.92,3.2
2025-08-30,21587133.0,10.99,0.1224,50.01,2.65
2025-08-31,14218498.0,11.01,0.1283,51.92,1.29
2025-09-01,17912532.0,12.79,0.1403,49.09,3.86
2025-09-02,14482599.0,12.0,0.1302,46.23,3.81
2025-09-03,12730989.0,11.63,0.1212,49.56,3.46
2025-09-04,18349549.0,12.96,0.12,50.49,3.04
2025-09-05,18044161.0,11.45,0.1249,49.76,2.74
2025-09-06,17206079.0,11.85,0.1302,47.94,3.37
2025-09-07,17574000.0,13.44,0.1415,46.58,1.93
2025-09-08,23993669.0,13.57,0.1163,49.13,4.77
2025-09-09,17291448.0,13.59,0.1266,51.91,3.36
2025-09-10,18838822.0,11.73,0.1313,52.57,2.24
2025-09-11,16530664.0,13.23,0.1116,52.39,2.8
2025-09-12,18430726.0,11.04,0.1217,48.33,4.22
2025-09-13,17374706.0,11.08,0.1234,47.6,1.65
2025-09-14,17041094.0,9.62,0.1223,50.85,2.17
2025-09-15,21510931.0,13.63,0.1323,51.08,3.72
2025-09-16,20238552.0,11.09,0.1289,50.56,2.26
2025-09-17,18168769.0,11.82,0.125,45.68,4.17
2025-09-18,13297989.0,11.02,0.135,47.93,1.52
2025-09-19,17195576.0,12.62,0.148,49.55,4.05
2025-09-20,23334876.0,11.54,0.1473,50.53,1.27
2025-09-21,17478767.0,10.6,0.1118,51.04,1.05
2025-09-22,20157839.0,12.33,0.1369,49.75,4.59
2025-09-23,20846646.0,10.45,0.1294,50.07,3.33
2025-09-24,18412090.0,11.03,0.1328,49.53,2.41
2025-09-25,16301962.0,9.75,0.1274,50.68,1.93
2025-09-26,13126467.0,10.43,0.1327,49.88,3.47
2025-09-27,19376947.0,12.02,0.1331,49.34,3.04
2025-09-28,16390679.0,9.87,0.1259,48.62,4.97
2025-09-29,18384106.0,10.34,0.1228,49.27,4.93
2025-09-30,15543819.0,11.81,0.1274,50.03,3.54
2025-10-01,17524682.0,11.26,0.1343,49.54,2.77
2025-10-02,18134334.0,13.78,0.1381,49.72,2.96
2025-10-03,18615863.0,13.62,0.1407,51.59,3.73
2025-10-04,15860853.0,10.9,0.1273,49.39,1.41
2025-10-05,20496181.0,12.32,0.1352,47.51,2.31
2025-10-06,16920472.0,12.5,0.1421,50.53,1.3
2025-10-07,14777266.0,11.14,0.1442,45.98,1.29
2025-10-08,17920142.0,10.24,0.1321,46.5,1.78
2025-10-09,18218963.0,11.71,0.1306,49.28,2.94
2025-10-10,18483455.0,11.54,0.1348,49.59,4.14
2025-10-11,20898644.0,11.27,0.1215,46.02,2.94
2025-10-12,17713625.0,12.13,0.1311,47.69,2.34
2025-10-13,17959466.0,10.93,0.1406,47.2,1.33
2025-10-14,16004557.0,10.52,0.1397,47.39,3.2
2025-10-15,19864294.0,11.77,0.1307,50.2,2.09
2025-10-16,18604104.0,12.04,0.1357,49.67,3.46
2025-10-17,17407768.0,10.46,0.1253,48.17,4.91
2025-10-18,14450850.0,12.56,0.1407,47.07,1.45
2025-10-19,21161438.0,9.85,0.133,45.41,1.85
2025-10-20,15829705.0,11.03,0.1311,50.9,2.89
2025-10-21,17114999.0,11.34,0.1304,49.19,4.87
2025-10-22,19026772.0,10.96,0.1335,46.54,4.09
2025-10-23,15929532.0,11.02,0.1297,49.35,4.59
2025-10-24,15348230.0,13.44,0.1409,47.72,2.33
2025-10-25,14099994.0,10.71,0.1304,47.23,4.97
2025-10-26,19802559.0,13.99,0.1504,48.63,1.41
2025-10-27,17282905.0,11.98,0.1492,46.22,1.21
2025-10-28,24240567.0,11.62,0.1258,46.97,4.42
2025-10-29,16410102.0,12.0,0.1355,47.85,4.71
2025-10-30,16568732.0,14.04,0.1284,46.56,1.36
2025-10-31,17293705.0,10.51,0.1317,48.85,1.45
2025-11-01,18923654.0,10.37,0.1551,51.2,1.13
2025-11-02,17509907.0,10.73,0.1321,45.9,1.42
2025-11-03,19687942.0,11.5,0.1389,44.03,1.84
2025-11-04,16519100.0,9.74,0.1408,43.3,4.88
2025-11-05,15726128.0,11.47,0.1255,46.96,3.67
2025-11-06,14905951.0,13.13,0.127,45.88,4.11
2025-11-07,14068337.0,11.58,0.1236,47.57,4.1
2025-11-08,17492486.0,11.13,0.1269,47.37,3.14
2025-11-09,17939836.0,10.79,0.1074,43.85,4.19
2025-11-10,17292130.0,12.3,0.1414,43.38,3.38
2025-11-11,21055056.0,10.57,0.1566,47.55,2.26
2025-11-12,21037580.0,13.23,0.1377,47.18,3.24
2025-11-13,17925223.0,13.3,0.1221,46.01,3.13
2025-11-14,15020329.0,11.62,0.13,43.49,4.29
2025-11-15,17488136.0,11.34,0.1319,47.7,4.93
2025-11-16,17435312.0,12.37,0.1264,49.25,2.64
2025-11-17,17334127.0,12.43,0.1453,47.21,4.05
2025-11-18,17266433.0,10.52,0.1449,44.91,1.4
2025-11-19,17368453.0,10.78,0.1253,46.65,4.11
2025-11-20,17915835.0,9.98,0.1442,43.77,2.49
2025-11-21,17431408.0,11.7,0.1524,48.57,1.16
2025-11-22,19132740.0,11.95,0.1562,46.57,2.45
2025-11-23,19450468.0,9.92,0.1659,42.82,3.44
2025-11-24,16922109.0,10.81,0.1284,45.7,1.48
2025-11-25,21299230.0,9.9,0.1657,47.18,4.7
2025-11-26,16810706.0,10.34,0.134,45.54,1.31
2025-11-27,15548992.0,11.78,0.1318,45.6,4.72
2025-11-28,19559944.0,10.49,0.1411,43.66,3.83
2025-11-29,17177396.0,10.91,0.1321,47.19,2.32
2025-11-30,19468652.0,9.57,0.142,44.71,2.56
2025-12-01,14032618.0,11.38,0.1249,41.64,3.96
2025-12-02,21638785.0,11.14,0.1358,45.16,3.41
2025-12-03,20212408.0,10.44,0.1511,47.82,3.69
2025-12-04,15880846.0,10.97,0.1378,45.03,2.56
2025-12-05,15938253.0,11.33,0.1399,49.23,2.95
2025-12-06,22254378.0,10.33,0.1433,46.56,4.96
2025-12-07,17449155.0,9.65,0.1504,46.33,1.86
2025-12-08,17269643.0,12.93,0.1222,45.35,2.67
2025-12-09,14420036.0,10.48,0.1447,45.42,2.17
2025-12-10,18264741.0,11.0,0.1363,44.98,4.06
2025-12-11,18525044.0,12.1,0.1408,44.85,4.06
2025-12-12,20425685.0,14.61,0.1498,46.47,2.17
2025-12-13,16210786.0,9.83,0.1273,43.48,1.33
2025-12-14,15982643.0,11.51,0.1293,43.15,1.05
2025-12-15,19939444.0,10.34,0.1201,43.01,2.71
2025-12-16,21065309.0,10.5,0.1341,49.3,2.64
2025-12-17,15923903.0,10.31,0.153,46.22,4.95
2025-12-18,21243623.0,9.9,0.1386,45.71,2.88
2025-12-19,19170094.0,10.97,0.1265,42.94,2.03
2025-12-20,21293064.0,9.53,0.1351,46.25,4.56
2025-12-21,18983484.0,11.94,0.1252,44.72,2.96
2025-12-22,14093867.0,11.04,0.1289,45.33,3.4
2025-12-23,18849015.0,11.39,0.1442,42.9,1.38
2025-12-24,21287791.0,10.49,0.1287,45.13,2.53
2025-12-25,17394592.0,10.58,0.1516,43.91,4.78
2025-12-26,18420763.0,11.23,0.1399,43.17,3.36
2025-12-27,18859061.0,9.77,0.1415,46.12,2.38
2025-12-28,13426962.0,10.56,0.138,41.53,3.5
2025-12-29,22583374.0,10.05,0.1486,45.68,4.64
2025-12-30,17452643.0,10.01,0.1488,45.87,2.1
2025-12-31,20281607.0,8.78,0.1444,42.7,3.02
2026-01-01,19111502.0,12.22,0.1468,42.76,4.83
2026-01-02,21814937.0,10.18,0.1392,43.91,1.69
2026-01-03,20126632.0,12.02,0.1468,44.87,3.88
2026-01-04,18859518.0,11.92,0.1381,43.95,3.46
2026-01-05,17557208.0,9.55,0.1416,45.07,3.72
2026-01-06,20954838.0,9.74,0.1389,47.68,2.4
2026-01-07,15627178.0,13.38,0.1372,43.09,2.26
2026-01-08,20680790.0,12.56,0.135,40.62,3.74
2026-01-09,17205895.0,10.77,0.1467,45.66,1.86
2026-01-10,21923551.0,11.05,0.1552,47.32,2.68
2026-01-11,19756607.0,10.15,0.1539,44.69,1.75
2026-01-12,20737306.0,11.2,0.1297,41.68,1.03
2026-01-13,19628110.0,10.04,0.1553,43.56,4.88
2026-01-14,15974477.0,8.72,0.1393,41.52,2.73
2026-01-15,17772897.0,9.42,0.1486,44.99,4.88
2026-01-16,20854282.0,10.75,0.1336,40.95,1.56
2026-01-17,19857988.0,9.59,0.1442,43.0,3.35
2026-01-18,21901852.0,10.64,0.146,41.54,1.8
2026-01-19,20361642.0,9.63,0.1281,43.76,4.16
2026-01-20,17636934.0,9.91,0.1492,42.72,4.13
2026-01-21,17993478.0,11.53,0.1567,43.76,1.45
2026-01-22,19806734.0,10.92,0.1415,43.4,4.65
2026-01-23,14988127.0,10.65,0.157,41.33,1.78
2026-01-24,22978438.0,11.53,0.1416,44.51,3.45
2026-01-25,20530410.0,11.12,0.1521,43.11,4.94
2026-01-26,22116372.0,12.08,0.1215,41.18,4.53
2026-01-27,16516504.0,10.16,0.168,47.58,4.83
2026-01-28,22182274.0,10.18,0.1588,44.01,2.37
2026-01-29,24171597.0,9.3,0.1411,42.7,1.42
2026-01-30,17082320.0,10.16,0.1244,45.78,1.75
2026-01-31,21282381.0,11.55,0.1471,46.59,3.0
2026-02-01,19757321.0,11.87,0.1299,42.56,4.17
2026-02-02,16681778.0,11.52,0.1488,43.5,1.6
2026-02-03,20771982.0,8.76,0.1486,40.78,3.64
2026-02-04,,11.62,0.1352,42.41,2.29
2026-02-05,18615163.0,8.69,0.1559,42.25,2.36
2026-02-06,22164884.0,11.42,0.1529,42.97,3.65
2026-02-07,16515180.0,10.14,0.1547,43.22,2.87
2026-02-08,16874872.0,11.2,0.1451,43.62,4.25
2026-02-09,20153279.0,9.16,0.1309,42.93,1.62
2026-02-10,19946576.0,11.65,,39.98,4.16
2026-02-11,18478401.0,9.01,0.1426,40.48,1.26
2026-02-12,21546501.0,9.79,0.1315,41.21,1.78
2026-02-13,21004886.0,9.45,0.159,41.69,3.62
2026-02-14,21675182.0,8.69,0.1666,44.3,4.42
2026-02-15,19728458.0,10.52,0.1453,39.83,2.01
2026-02-16,21195740.0,12.23,0.1674,41.39,2.31
2026-02-17,19115148.0,13.08,0.1468,43.96,3.15
2026-02-18,24129976.0,10.5,0.1422,41.4,1.85
2026-02-19,18413157.0,11.51,0.1398,42.87,4.24
2026-02-20,24264775.0,10.61,0.1626,41.62,4.09
2026-02-21,20139907.0,10.87,0.1385,42.37,1.58
2026-02-22,17335081.0,10.02,0.1537,41.34,2.86
2026-02-23,22838254.0,10.55,0.1409,43.09,4.1
2026-02-24,20369910.0,10.88,0.142,38.61,2.35
2026-02-25,21836387.0,9.75,0.157,40.93,3.53
2026-02-26,22597903.0,10.24,0.143,42.19,1.2
2026-02-27,20842174.0,10.25,0.1428,42.62,3.43
2026-02-28,18997873.0,11.13,0.1583,44.49,1.61
2026-03-01,22149892.0,9.22,0.1631,40.67,4.32
2026-03-02,20216107.0,10.23,0.1536,44.36,2.42
2026-03-03,21602462.0,12.18,0.1407,40.03,2.13
2026-03-04,15939454.0,11.42,0.1423,43.96,4.36
2026-03-05,21157067.0,11.6,0.1483,42.89,1.2
2026-03-06,19002140.0,10.26,0.1508,39.37,2.59
2026-03-07,23602158.0,10.55,0.1378,41.77,2.48
2026-03-08,21557959.0,11.22,0.155,41.0,2.14
2026-03-09,20807764.0,11.77,0.1488,42.3,4.65
2026-03-10,21316952.0,8.25,0.1308,40.55,4.0
2026-03-11,18363752.0,8.87,0.1388,40.34,1.26
2026-03-12,23623468.0,11.49,0.1432,43.64,3.86
2026-03-13,24376034.0,9.89,0.1476,40.65,3.11
2026-03-14,21195478.0,9.49,0.1673,42.45,4.6
2026-03-15,23606833.0,8.9,0.1509,40.3,2.25
2026-03-16,19304124.0,9.59,0.1402,44.03,3.3
2026-03-17,18864605.0,8.73,0.1509,39.29,3.0
2026-03-18,20557112.0,12.21,0.1453,39.37,2.96
2026-03-19,21361592.0,10.09,0.1521,43.6,2.82
2026-03-20,19720202.0,10.04,0.1548,39.61,1.82
2026-03-21,21600195.0,10.68,0.1612,43.65,4.02
2026-03-22,21153939.0,11.04,0.149,42.18,2.81
2026-03-23,18561065.0,11.02,0.1657,40.04,4.83
2026-03-24,21611801.0,11.13,0.1585,36.67,2.04
2026-03-25,22317825.0,9.42,0.1424,40.21,3.73
2026-03-26,20950278.0,9.74,0.1717,40.4,4.76
2026-03-27,22929224.0,10.8,0.153,42.48,3.65
2026-03-28,18205725.0,9.49,0.1414,43.28,4.49
2026-03-29,21593056.0,10.0,0.1664,38.68,4.31
2026-03-30,18333233.0,10.4,0.1708,41.6,2.44
2025-08-16,15891489.0,11.09,0.1318,52.63,2.45
2025-04-22,16796197.0,14.96,0.0944,60.41,4.03
2026-01-09,17205895.0,10.77,0.1467,45.66,1.86
2024-01-07,42404502.0,18.55,0.048,81.81,4.58
2025-09-01,17912532.0,12.79,0.1403,49.09,3.86
