date,dau,avg_session_duration_min,churn_rate,organic_traffic_pct,algorithm_efficiency_score
2018-01-01,12483570.0,47.8,0.0286,73.09,4.83
2018-01-02,10000000.0,46.9,0.0297,74.15,5.0
2018-01-03,13318844.0,45.22,0.0284,74.62,5.01
2018-01-04,17735993.0,43.86,0.0293,76.93,5.11
2018-01-05,10000000.0,46.6,0.0262,75.62,4.74
2018-01-06,10000000.0,46.04,0.0304,73.74,5.14
2018-01-07,18139213.0,47.09,0.0299,75.58,4.49
2018-01-08,14121418.0,46.62,0.0283,73.56,4.91
2018-01-09,10000000.0,47.5,0.0312,76.2,4.94
2018-01-10,13079732.0,44.38,0.0317,74.66,5.17
2018-01-11,10000000.0,48.14,0.0266,75.06,5.05
2018-01-12,10000000.0,45.95,0.0283,76.49,4.77
2018-01-13,11702022.0,49.75,0.0283,73.89,4.86
2018-01-14,10000000.0,44.27,0.0279,73.8,5.1
2018-01-15,10000000.0,49.17,0.0314,74.63,5.05
2018-01-16,10000000.0,46.15,0.0294,76.26,4.95
2018-01-17,10000000.0,44.5,0.0292,73.72,4.98
2018-01-18,12275618.0,44.88,0.0257,72.42,5.22
2018-01-19,10000000.0,45.26,0.031,74.82,4.98
2018-01-20,10000000.0,46.8,0.0272,75.84,5.07
2018-01-21,18161982.0,47.05,0.0298,76.5,5.52
2018-01-22,10000000.0,44.9,0.0302,74.85,4.81
2018-01-23,0.0,46.05,0.0324,74.92,4.73
2018-01-24,10000000.0,50.44,0.027,76.5,5.26
2018-01-25,10000000.0,49.66,0.0236,73.49,4.97
2018-01-26,11607428.0,47.12,0.03,74.99,5.05
2018-01-27,10000000.0,46.38,0.0332,75.58,4.96
2018-01-28,13020171.0,46.59,0.0321,75.85,5.07
2018-01-29,10000000.0,47.63,0.03,74.91,5.45
2018-01-30,10000000.0,44.41,0.0286,75.47,5.29
2018-01-31,10000000.0,45.99,0.0312,72.96,5.31
2018-02-01,20582954.0,43.21,0.0276,74.81,4.86
2018-02-02,11299500.0,47.4,0.0305,75.93,4.91
2018-02-03,10000000.0,47.95,0.0305,74.51,4.58
2018-02-04,15571103.0,45.74,0.0316,75.57,4.99
2018-02-05,10000000.0,49.9,0.035,75.97,5.35
2018-02-06,12594823.0,44.35,0.0302,75.2,5.27
2018-02-07,10000000.0,43.92,0.0284,75.73,5.12
2018-02-08,10000000.0,47.35,0.0294,74.61,5.17
2018-02-09,12674393.0,49.05,0.0259,75.38,5.04
2018-02-10,15429321.0,50.37,0.028,76.21,5.22
2018-02-11,12640918.0,46.13,0.0286,75.77,5.34
2018-02-12,11253114.0,49.26,0.0283,75.04,4.87
2018-02-13,10373304.0,47.08,0.0297,75.87,5.25
2018-02-14,10000000.0,46.86,0.0277,76.38,5.38
2018-02-15,10000000.0,49.02,0.0316,73.63,5.12
2018-02-16,10000000.0,48.61,0.0293,76.85,5.35
2018-02-17,17356217.0,44.2,0.0293,75.37,5.77
2018-02-18,13837125.0,50.36,0.0286,76.15,5.2
2018-02-19,10000000.0,50.21,0.0296,76.93,5.3
2018-02-20,13836892.0,46.25,0.0309,74.38,5.08
2018-02-21,10340074.0,48.34,0.0275,75.06,5.27
2018-02-22,10000000.0,48.59,0.0279,75.49,5.33
2018-02-23,15422483.0,48.17,0.0286,75.01,5.28
2018-02-24,17568705.0,46.6,0.0265,77.55,5.04
2018-02-25,17119912.0,46.41,0.0275,74.97,5.29
2018-02-26,10000000.0,47.75,0.0282,75.29,5.54
2018-02-27,11017658.0,50.2,0.0309,76.06,5.35
2018-02-28,14270443.0,48.99,0.0297,74.67,5.45
2018-03-01,17542460.0,47.21,0.0295,75.49,5.22
2018-03-02,10319674.0,49.55,0.0308,76.22,5.42
2018-03-03,11838266.0,42.36,0.0288,75.58,5.33
2018-03-04,10000000.0,50.4,0.0298,75.84,5.09
2018-03-05,10000000.0,44.67,0.0288,75.42,5.35
2018-03-06,16983467.0,47.48,0.0296,74.45,5.09
2018-03-07,19753876.0,46.01,0.0279,76.3,5.17
2018-03-08,12664672.0,45.71,0.0241,77.75,5.34
2018-03-09,18094643.0,50.68,0.0287,76.02,5.36
2018-03-10,14937624.0,47.47,0.0318,76.25,5.07
2018-03-11,10000000.0,49.15,0.0308,76.73,5.52
2018-03-12,15041985.0,48.41,0.0309,74.78,5.43
2018-03-13,20978289.0,49.51,0.0314,77.77,5.18
2018-03-14,13162288.0,48.76,0.0291,76.28,5.02
2018-03-15,21218163.0,46.09,0.0293,77.73,5.3
2018-03-16,10000000.0,50.7,0.0277,75.38,5.24
2018-03-17,17612154.0,47.77,0.0282,77.94,5.36
2018-03-18,13992050.0,45.69,0.0301,76.92,5.27
2018-03-19,12116168.0,48.0,0.0313,76.71,4.95
2018-03-20,14124618.0,51.91,0.0285,76.41,5.27
2018-03-21,10000000.0,50.65,0.0279,75.94,5.29
2018-03-22,12677330.0,48.31,0.0288,77.4,5.49
2018-03-23,15616520.0,48.36,0.03,76.36,5.23
2018-03-24,21275918.0,48.46,0.0259,74.26,5.71
2018-03-25,11350810.0,53.31,0.0242,75.13,4.99
2018-03-26,10000000.0,49.97,0.0276,76.08,5.64
2018-03-27,11545473.0,50.11,0.0263,76.59,5.34
2018-03-28,18687655.0,51.36,0.0277,76.23,5.56
2018-03-29,15811012.0,49.83,0.0284,77.53,5.41
2018-03-30,11575295.0,48.89,0.0278,74.37,5.62
2018-03-31,16847500.0,49.06,0.0316,76.48,5.32
2018-04-01,14823847.0,49.36,0.0293,74.53,5.19
2018-04-02,19239211.0,49.48,0.0292,77.13,5.69
2018-04-03,10943478.0,51.06,0.0299,76.29,5.39
2018-04-04,12873421.0,49.76,0.0263,76.82,5.46
2018-04-05,12609413.0,51.17,0.0307,75.55,5.67
2018-04-06,10000000.0,49.59,0.0284,77.71,5.22
2018-04-07,16167700.0,49.96,0.0299,77.48,5.55
2018-04-08,16051300.0,45.86,0.0264,77.04,5.32
2018-04-09,14830752.0,51.74,0.0254,76.34,5.42
2018-04-10,13691648.0,50.65,0.0301,77.07,5.46
2018-04-11,10000000.0,52.0,0.0293,75.79,5.15
2018-04-12,12880871.0,44.26,0.0267,77.37,5.3
2018-04-13,13330641.0,54.28,0.0267,78.18,5.73
2018-04-14,11093186.0,49.88,0.0307,77.62,5.64
2018-04-15,14358743.0,52.42,0.0261,75.83,5.46
2018-04-16,17246269.0,48.18,0.0317,76.94,5.52
2018-04-17,24718032.0,51.53,0.0266,75.3,5.42
2018-04-18,16221324.0,48.25,0.0297,77.18,5.75
2018-04-19,16697765.0,49.16,0.0277,77.07,5.45
2018-04-20,15099609.0,54.28,0.0296,74.77,5.54
2018-04-21,10000000.0,50.12,0.0273,75.49,5.72
2018-04-22,15463665.0,50.99,0.028,76.38,5.34
2018-04-23,15959958.0,52.35,0.0284,76.38,5.82
2018-04-24,28037841.0,51.65,0.0263,75.49,5.2
2018-04-25,14822902.0,51.01,0.0298,77.1,5.84
2018-04-26,17355772.0,51.49,0.0272,76.98,5.44
2018-04-27,15738059.0,55.61,0.0278,76.55,5.47
2018-04-28,10132066.0,50.74,0.0263,76.0,5.15
2018-04-29,21753664.0,51.31,0.0231,77.82,5.44
2018-04-30,19863566.0,53.06,0.0278,78.44,5.33
2018-05-01,20123670.0,53.22,0.033,76.32,5.42
2018-05-02,11686442.0,53.43,0.0298,76.2,5.52
2018-05-03,23312479.0,52.38,0.0281,77.32,5.74
2018-05-04,10000000.0,48.87,0.0276,76.49,5.6
2018-05-05,19363836.0,54.47,0.0282,76.72,5.62
2018-05-06,27447744.0,48.96,0.0292,77.62,5.34
2018-05-07,11608965.0,51.91,0.0257,74.98,5.39
2018-05-08,13796604.0,49.85,0.0303,78.23,5.93
2018-05-09,17193062.0,51.28,0.0295,76.99,5.43
2018-05-10,14244407.0,52.11,0.0295,76.53,5.91
2018-05-11,10000000.0,52.15,0.0289,76.86,5.54
2018-05-12,17239367.0,52.4,0.0281,76.93,5.59
2018-05-13,11652823.0,54.83,0.0294,75.25,5.81
2018-05-14,19400365.0,52.56,0.0292,78.49,5.85
2018-05-15,12503616.0,51.22,0.0273,77.05,5.58
2018-05-16,24919018.0,53.68,0.0268,77.47,5.53
2018-05-17,13321964.0,54.19,0.0282,77.99,5.6
05/18/2018,15697083.0,49.4,0.031,76.04,5.68
2018-05-19,21444414.0,53.1,0.0254,77.55,5.8
2018-05-20,11292223.0,53.36,0.025,76.82,5.63
2018-05-21,18653841.0,51.41,0.0282,77.95,5.75
2018-05-22,24122532.0,54.81,0.028,74.99,5.96
2018-05-23,10000000.0,51.81,0.0282,77.03,5.72
2018-05-24,18651388.0,52.41,0.0283,76.54,5.71
2018-05-25,19098759.0,51.86,0.0274,77.59,5.34
2018-05-26,21779871.0,52.29,0.0308,77.65,5.13
2018-05-27,11757701.0,50.11,0.0246,76.48,5.74
2018-05-28,11412157.0,49.48,0.0261,76.5,5.64
2018-05-29,20696422.0,55.6,0.0276,77.11,5.56
2018-05-30,19644202.0,50.76,0.0245,76.34,5.72
2018-05-31,19484599.0,50.52,0.0274,78.09,5.66
2018-06-01,20037523.0,48.25,0.0311,76.9,5.91
2018-06-02,14978600.0,51.33,0.0278,74.38,5.7
2018-06-03,19613728.0,50.01,0.0282,76.92,5.54
2018-06-04,19991854.0,55.99,0.0252,76.27,5.89
2018-06-05,15029063.0,54.78,0.0264,75.7,5.65
2018-06-06,28004320.0,51.43,0.0269,76.1,5.81
2018-06-07,21119539.0,57.36,0.027,77.47,5.61
2018-06-08,12869084.0,54.87,0.0302,78.7,5.58
2018-06-09,22183898.0,52.31,0.0287,77.7,5.73
2018-06-10,14103553.0,48.01,0.0254,76.8,5.72
2018-06-11,22988521.0,57.64,0.0281,77.87,5.82
2018-06-12,24922517.0,50.33,0.0286,76.97,5.68
2018-06-13,15102876.0,49.87,0.0298,76.75,5.37
2018-06-14,24100225.0,55.25,0.0307,76.31,5.65
2018-06-15,21424614.0,58.14,0.0255,75.73,5.9
2018-06-16,23548686.0,56.08,0.0259,77.1,5.69
2018-06-17,29000338.0,54.49,0.025,77.67,5.7
2018-06-18,18367732.0,54.6,0.027,77.43,5.95
2018-06-19,15904607.0,55.17,0.0284,77.12,5.62
2018-06-20,15304645.0,55.03,0.0294,76.61,5.46
2018-06-21,15752412.0,54.12,0.0273,78.18,5.74
2018-06-22,19525520.0,53.82,0.0268,76.27,5.68
2018-06-23,21696672.0,53.53,0.0277,78.37,5.59
2018-06-24,21454570.0,52.2,0.0257,76.61,5.75
2018-06-25,24287558.0,53.2,0.0316,76.88,5.89
2018-06-26,20297500.0,50.42,0.0241,76.18,5.79
2018-06-27,27581335.0,53.66,0.0277,77.16,5.86
2018-06-28,19071879.0,51.93,0.0314,78.65,6.16
2018-06-29,34077835.0,51.75,0.0273,78.2,5.74
2018-06-30,23687480.0,54.37,0.0269,78.68,5.87
2018-07-01,16355840.0,56.84,0.0266,78.24,5.71
2018-07-02,15369980.0,55.95,0.0269,76.63,5.65
2018-07-03,23219952.0,51.02,0.03,77.42,5.71
2018-07-04,19773756.0,52.23,0.0228,76.98,5.73
2018-07-05,24544888.0,56.14,0.0303,79.11,5.91
2018-07-06,23425226.0,52.34,0.0244,76.6,6.31
2018-07-07,20779383.0,53.91,0.0267,78.7,5.7
2018-07-08,16994387.0,55.51,0.0263,78.72,5.76
2018-07-09,13739288.0,52.52,0.0283,79.67,5.84
2018-07-10,19166460.0,54.72,0.024,77.44,5.94
2018-07-11,25766883.0,51.89,0.0281,78.58,5.91
2018-07-12,22641555.0,53.41,0.0312,80.16,6.12
2018-07-13,15428937.0,55.3,0.0244,77.28,5.38
2018-07-14,22610426.0,51.52,0.0275,76.38,5.4
2018-07-15,23758348.0,55.64,0.0257,76.05,5.78
2018-07-16,17500064.0,54.77,0.0279,78.66,6.1
2018-07-17,22775918.0,55.96,0.0271,76.07,5.57
2018-07-18,22386630.0,55.36,0.0257,77.6,5.29
2018-07-19,16469383.0,57.69,0.028,78.43,6.01
2018-07-20,24062175.0,55.26,0.0306,78.19,5.95
2018-07-21,,54.2,0.0266,78.44,5.69
2018-07-22,27867575.0,55.35,0.0284,78.26,5.71
2018-07-23,27811408.0,56.25,0.0244,79.33,5.72
2018-07-24,15744492.0,55.31,0.025,77.11,5.94
2018-07-25,18034517.0,55.34,0.0279,77.4,5.8
2018-07-26,25389987.0,53.91,0.0299,77.32,6.03
2018-07-27,25475274.0,54.03,0.0276,78.94,5.36
2018-07-28,25573483.0,52.61,0.0263,79.02,5.77
2018-07-29,42354172.0,58.96,0.0269,78.59,5.72
2018-07-30,26037607.0,53.02,0.0243,79.34,5.89
2018-07-31,28953994.0,54.17,0.028,76.99,5.84
2018-08-01,28139559.0,54.17,0.0286,79.85,6.11
2018-08-02,26720266.0,57.45,0.0259,79.72,5.59
2018-08-03,21981099.0,55.12,0.0258,78.95,5.97
2018-08-04,27446805.0,58.26,0.0273,80.01,6.08
2018-08-05,19882725.0,54.46,0.0259,76.59,6.34
2018-08-06,22658031.0,56.42,0.0266,77.73,5.88
2018-08-07,21510962.0,54.24,0.0309,77.54,6.05
2018-08-08,24443189.0,60.25,0.0262,79.01,5.63
2018-08-09,35703536.0,53.64,0.026,77.25,5.51
2018-08-10,14890728.0,56.68,0.0254,79.08,6.16
2018-08-11,27755555.0,57.38,0.0282,79.7,6.0
2018-08-12,16358264.0,56.99,0.0263,79.04,6.24
2018-08-13,22160166.0,55.84,0.0253,78.65,5.73
2018-08-14,30062952.0,56.0,0.0293,77.39,6.12
2018-08-15,25038368.0,56.4,0.0294,77.55,6.39
2018-08-16,19427410.0,56.07,0.0254,79.66,6.11
2018-08-17,21339178.0,58.34,0.0228,79.2,6.08
2018-08-18,28413648.0,60.88,0.0286,78.4,6.03
2018-08-19,21464189.0,55.4,0.0252,78.04,5.72
2018-08-20,26299082.0,53.82,0.0281,76.44,6.31
2018-08-21,25545819.0,56.44,0.0226,77.41,5.92
2018-08-22,22161534.0,61.82,0.0283,80.41,6.15
2018-08-23,36241240.0,55.1,0.0241,77.23,5.74
2018-08-24,28793508.0,60.04,0.0279,78.72,5.82
2018-08-25,15601004.0,60.17,0.0265,79.55,6.35
2018-08-26,26762205.0,55.75,0.0245,77.3,6.0
2018-08-27,22624631.0,58.05,0.0256,78.76,6.36
2018-08-28,30299777.0,60.22,0.0278,79.53,6.06
2018-08-29,22179470.0,56.25,0.0266,78.62,5.71
2018-08-30,25673274.0,56.65,0.0276,81.49,6.26
2018-08-31,28877196.0,55.95,0.0303,76.97,5.97
2018-09-01,30786762.0,55.13,0.0232,79.71,6.23
2018-09-02,20562654.0,55.91,0.0296,78.49,6.1
2018-09-03,24998206.0,54.81,0.0265,79.45,5.79
2018-09-04,24402990.0,57.38,0.0245,79.14,6.14
2018-09-05,23618503.0,55.82,0.0236,77.98,6.55
2018-09-06,35820285.0,57.88,0.0259,78.95,6.22
2018-09-07,29126219.0,54.35,0.0281,76.88,6.11
2018-09-08,20905622.0,58.17,0.026,79.36,6.34
2018-09-09,31908519.0,59.23,0.0293,79.07,6.17
2018-09-10,38039595.0,53.63,0.0233,79.42,6.18
2018-09-11,32701186.0,58.41,0.0262,79.86,5.92
2018-09-12,20052497.0,60.17,0.0237,79.18,6.19
2018-09-13,25339106.0,55.34,0.0269,78.98,6.36
2018-09-14,34206207.0,61.16,0.0279,77.96,5.99
2018-09-15,24445126.0,58.7,0.0253,78.15,6.44
2018-09-16,30314841.0,56.5,0.0209,80.06,6.14
2018-09-17,32081635.0,57.85,0.0265,80.33,5.99
2018-09-18,23686986.0,59.13,0.027,78.67,6.37
2018-09-19,28137639.0,58.22,0.0269,78.96,6.12
2018-09-20,12343012.0,59.19,0.0285,78.03,6.33
2018-09-21,23541951.0,56.32,0.0239,80.12,6.13
2018-09-22,27516049.0,58.55,0.0274,79.63,6.18
2018-09-23,22655436.0,55.44,0.0284,80.92,6.29
2018-09-24,37172333.0,58.09,0.0224,78.12,6.26
2018-09-25,21975960.0,56.56,0.0266,78.63,5.8
2018-09-26,27043302.0,56.94,0.025,79.26,5.98
2018-09-27,30014553.0,60.94,0.0258,79.69,6.4
2018-09-28,36685013.0,60.7,0.0266,78.84,6.19
2018-09-29,22417605.0,59.78,0.025,78.2,6.12
2018-09-30,35531478.0,56.43,0.0246,79.97,5.95
2018-10-01,29886045.0,58.03,0.026,79.82,6.01
2018-10-02,25047035.0,61.14,0.0237,78.2,5.83
2018-10-03,32385274.0,59.05,0.0237,80.48,6.22
2018-10-04,31190716.0,63.45,0.0272,80.31,6.12
2018-10-05,27315478.0,59.65,0.0235,79.29,6.05
2018-10-06,30787204.0,59.3,0.0272,79.25,6.24
2018-10-07,28633745.0,58.35,0.0267,79.74,6.33
2018-10-08,31250508.0,59.28,0.0223,78.34,6.68
2018-10-09,34116676.0,58.76,0.0244,79.25,5.96
2018-10-10,38859701.0,60.53,0.0282,77.08,6.5
2018-10-11,24864630.0,61.08,0.0238,80.13,6.47
2018-10-12,41843463.0,57.64,0.0248,77.7,6.12
2018-10-13,21542945.0,56.6,0.0266,80.78,6.32
2018-10-14,30670049.0,55.64,0.0273,78.96,6.2
2018-10-15,34496655.0,60.38,0.0252,79.1,6.33
2018-10-16,33086628.0,57.21,0.0245,78.7,6.6
2018-10-17,28695279.0,55.16,0.0285,79.05,6.42
2018-10-18,30895783.0,60.29,0.0291,80.77,6.41
2018-10-19,29599519.0,64.55,0.0276,76.88,6.22
2018-10-20,29246344.0,59.6,0.0258,80.66,6.02
2018-10-21,36570338.0,61.34,0.024,79.74,6.28
2018-10-22,34237083.0,59.88,0.0239,78.21,6.57
2018-10-23,29117656.0,59.57,0.0266,78.35,6.02
2018-10-24,37210924.0,61.65,0.0264,81.12,6.12
2018-10-25,34380668.0,59.28,0.0283,78.51,6.36
2018-10-26,37040253.0,60.45,0.0268,78.32,6.15
2018-10-27,36256387.0,60.61,0.0225,80.63,6.19
2018-10-28,29096099.0,58.68,0.0276,79.84,6.27
2018-10-29,30573533.0,62.05,0.0235,78.58,6.08
2018-10-30,37244805.0,59.77,0.0247,79.75,6.17
2018-10-31,36694625.0,58.65,0.026,78.52,6.51
2018-11-01,33673242.0,61.29,0.0294,80.67,6.11
2018-11-02,34499904.0,58.47,0.0316,80.64,6.05
2018-11-03,40437653.0,60.37,0.0266,80.13,6.25
2018-11-04,31228078.0,60.35,0.025,79.97,6.53
2018-11-05,37058577.0,62.59,0.0264,81.39,6.35
2018-11-06,33449832.0,61.41,0.0271,79.64,6.3
2018-11-07,33510647.0,60.47,0.0247,78.47,6.41
2018-11-08,40231750.0,62.2,0.0289,80.12,6.05
2018-11-09,39004317.0,63.4,0.0258,81.77,6.5
2018-11-10,39084712.0,61.78,0.0263,78.68,6.49
2018-11-11,41685048.0,60.74,0.0266,79.35,6.33
2018-11-12,35403726.0,58.14,0.0261,80.15,6.62
2018-11-13,38850092.0,58.69,0.0269,79.69,6.2
2018-11-14,34031181.0,60.26,0.024,78.78,6.65
2018-11-15,37346104.0,59.7,0.0241,80.9,6.46
2018-11-16,35217888.0,60.59,0.023,82.11,6.37
2018-11-17,36497489.0,61.13,0.0261,80.0,6.44
2018-11-18,39132778.0,62.13,0.0267,78.92,6.42
2018-11-19,32210952.0,60.98,0.0261,78.29,6.69
2018-11-20,46909637.0,62.14,0.0285,80.11,6.24
2018-11-21,31563843.0,61.35,0.0251,80.97,6.31
2018-11-22,30669803.0,57.32,0.0265,80.36,6.67
2018-11-23,42678705.0,59.44,0.0229,79.89,6.35
2018-11-24,40994461.0,61.08,0.0243,79.32,6.65
2018-11-25,40305337.0,59.0,0.0265,78.83,6.82
2018-11-26,40475651.0,62.67,0.0268,80.77,6.4
2018-11-27,37422475.0,64.58,0.0245,80.87,6.62
2018-11-28,33147823.0,64.0,0.0249,78.42,6.26
2018-11-29,38164106.0,61.19,0.022,81.57,6.65
2018-11-30,34550870.0,64.65,0.0243,80.57,6.54
2018-12-01,42964480.0,62.01,0.0268,81.41,6.6
2018-12-02,37506408.0,61.09,0.0261,78.69,6.38
2018-12-03,34267636.0,60.59,0.026,78.68,6.18
2018-12-04,36942235.0,61.26,0.025,79.91,6.62
2018-12-05,40768482.0,61.14,0.0249,80.58,6.11
2018-12-06,36040483.0,62.31,0.0236,81.89,6.46
2018-12-07,34903908.0,62.34,0.0263,80.81,6.72
2018-12-08,40389975.0,62.07,0.0257,79.88,6.57
2018-12-09,40553530.0,62.99,0.0258,79.11,6.93
2018-12-10,36951769.0,64.55,0.0238,81.38,6.75
2018-12-11,37289714.0,64.12,0.0205,79.2,6.42
2018-12-12,40964212.0,59.3,0.027,81.81,6.56
2018-12-13,32723235.0,57.21,0.0238,79.91,6.55
2018-12-14,33086674.0,64.24,0.0231,81.8,6.25
2018-12-15,36692750.0,59.68,0.0262,80.9,6.38
2018-12-16,39379360.0,62.02,0.024,80.1,6.46
2018-12-17,42163406.0,60.18,0.0269,79.74,6.17
2018-12-18,48148574.0,58.96,0.026,79.93,6.59
2018-12-19,45223668.0,63.7,0.0261,80.71,6.54
2018-12-20,40299912.0,64.19,0.022,80.38,6.26
2018-12-21,41169416.0,61.56,0.0271,79.72,6.68
2018-12-22,36417405.0,57.59,0.0252,80.16,6.74
2018-12-23,41503705.0,61.73,0.0239,80.42,6.65
2018-12-24,40319863.0,63.65,0.0249,78.23,6.54
2018-12-25,43544304.0,59.96,0.0211,80.83,6.73
2018-12-26,37962783.0,63.33,0.0254,79.41,6.75
2018-12-27,44864573.0,62.99,0.0225,79.25,6.68
2018-12-28,50101115.0,64.23,0.0219,78.73,6.46
2018-12-29,42063880.0,63.36,0.0215,78.64,6.69
2018-12-30,44787182.0,61.22,0.0268,79.1,6.87
2018-12-31,46400973.0,65.61,0.0233,79.76,6.52
2019-01-01,41116468.0,62.95,0.0276,82.43,7.06
2019-01-02,44416042.0,63.26,0.0234,79.97,6.54
2019-01-03,43532245.0,61.5,0.0211,80.69,6.66
2019-01-04,44132064.0,62.53,0.0222,80.93,6.52
2019-01-05,39953734.0,61.7,0.0269,80.67,6.71
2019-01-06,44117136.0,63.17,0.0241,80.48,6.32
2019-01-07,46661084.0,66.99,0.0233,79.38,6.56
2019-01-08,51604027.0,60.87,0.0247,82.04,6.46
2019-01-09,49322590.0,60.44,0.0254,82.41,6.71
2019-01-10,55470788.0,66.66,0.0266,78.93,6.88
2019-01-11,41047496.0,63.35,0.0273,79.61,6.82
2019-01-12,49425913.0,62.48,0.0236,80.37,6.22
2019-01-13,46161820.0,65.95,0.0217,79.7,7.11
2019-01-14,56375649.0,62.71,0.0235,81.18,6.76
2019-01-15,41567396.0,67.62,0.0248,79.96,6.55
2019-01-16,41593263.0,65.37,0.0224,82.87,6.74
2019-01-17,42978627.0,63.09,0.0224,81.91,6.75
2019-01-18,35540567.0,68.43,0.025,80.95,6.59
2019-01-19,43716466.0,62.96,0.0242,81.78,6.76
2019-01-20,42735516.0,65.7,0.0243,81.87,6.61
2019-01-21,47469833.0,64.87,0.0227,80.22,6.65
2019-01-22,48614078.0,66.92,0.0237,79.98,6.6
2019-01-23,56474337.0,67.49,0.0223,80.89,6.46
2019-01-24,52034543.0,64.48,0.026,81.69,6.78
2019-01-25,44587604.0,62.96,0.0262,80.98,6.87
2019-01-26,43170509.0,65.44,0.0205,79.28,6.86
2019-01-27,50313402.0,63.21,0.0223,80.07,6.93
2019-01-28,41444631.0,68.65,0.0211,80.81,6.83
2019-01-29,57395852.0,64.94,0.0228,80.83,6.66
2019-01-30,54329293.0,63.99,0.0239,82.89,6.94
2019-01-31,46280525.0,65.14,0.0212,79.54,6.51
2019-02-01,40255821.0,62.13,0.0222,81.45,6.6
2019-02-02,55786729.0,62.93,0.022,82.45,6.6
2019-02-03,48641327.0,67.32,0.0244,83.25,7.01
2019-02-04,55600556.0,63.66,0.0241,80.59,6.99
2019-02-05,41637577.0,62.93,0.0226,81.5,6.9
2019-02-06,46811876.0,66.14,0.0243,81.59,7.02
2019-02-07,50034804.0,67.49,0.0229,81.23,6.63
2019-02-08,50444124.0,66.61,0.0234,80.95,6.89
2019-02-09,48160335.0,67.21,0.0273,81.5,6.79
2019-02-10,53727161.0,63.76,0.0266,78.55,6.99
2019-02-11,45477870.0,62.48,0.0213,81.78,6.81
2019-02-12,50307950.0,68.37,0.0255,81.24,6.76
2019-02-13,51826018.0,64.78,0.0255,80.9,6.95
2019-02-14,54002249.0,64.97,0.0216,83.19,7.02
2019-02-15,55194468.0,68.18,0.0255,80.48,6.71
2019-02-16,46220350.0,66.68,0.0269,80.77,6.84
2019-02-17,44380987.0,66.53,0.0216,83.18,6.64
2019-02-18,58648775.0,70.0,0.022,80.37,6.36
2019-02-19,54131631.0,64.43,0.0258,80.67,6.9
2019-02-20,48938140.0,67.63,0.0243,81.08,6.99
2019-02-21,60647689.0,65.93,0.0249,82.09,6.93
2019-02-22,53682506.0,66.41,0.0244,81.47,6.49
2019-02-23,59213674.0,68.98,0.0245,79.98,6.81
2019-02-24,53868691.0,66.99,0.0211,80.76,6.44
2019-02-25,64049606.0,67.1,0.0258,80.7,7.17
2019-02-26,62738201.0,68.22,0.026,81.24,6.68
2019-02-27,52933171.0,65.39,0.0232,81.76,7.15
2019-02-28,59253210.0,64.49,0.0236,81.77,7.09
2019-03-01,57840471.0,64.13,0.0206,79.59,6.73
2019-03-02,61675861.0,62.34,0.0246,82.45,6.69
2019-03-03,50228076.0,70.43,0.0247,81.65,6.99
2019-03-04,58703824.0,64.16,0.0235,82.8,6.75
2019-03-05,60787448.0,65.98,0.0258,81.87,6.95
2019-03-06,46924277.0,65.92,0.0229,82.54,6.84
2019-03-07,50025224.0,67.14,0.0247,81.92,6.58
2019-03-08,45969795.0,68.2,0.0215,82.82,6.5
2019-03-09,55044261.0,68.34,0.0235,82.01,6.99
2019-03-10,60205251.0,65.51,0.0231,81.4,6.84
2019-03-11,64356476.0,66.39,0.0239,83.79,6.84
2019-03-12,57443227.0,67.34,0.0227,82.42,7.1
2019-03-13,65444809.0,66.32,0.0232,82.12,7.2
2019-03-14,50631120.0,70.09,0.0251,80.29,6.91
2019-03-15,49245534.0,67.9,0.0225,80.29,6.9
2019-03-16,57716452.0,68.44,0.0202,81.88,7.08
2019-03-17,60147192.0,68.35,0.0269,81.75,6.71
2019-03-18,58296999.0,69.42,0.0261,81.01,7.03
2019-03-19,48357808.0,67.48,0.0208,81.78,7.1
2019-03-20,58484904.0,64.58,0.0247,83.24,7.13
2019-03-21,52644588.0,68.02,0.0223,82.36,6.61
2019-03-22,62752678.0,65.97,0.0238,80.54,6.85
2019-03-23,61475638.0,66.27,0.0239,81.59,6.83
2019-03-24,55182536.0,68.55,0.0228,80.91,7.03
2019-03-25,57552849.0,69.9,0.0217,81.34,7.11
2019-03-26,55067328.0,67.52,0.0219,81.33,7.32
2019-03-27,60292180.0,68.14,0.0214,81.28,6.93
2019-03-28,65624438.0,70.98,0.0216,80.52,6.93
2019-03-29,56164223.0,68.1,0.0231,81.66,7.27
2019-03-30,63858192.0,72.88,0.0218,81.24,7.1
2019-03-31,58932762.0,68.85,0.0245,78.89,7.3
2019-04-01,57866763.0,64.25,0.0261,83.88,7.11
2019-04-02,61544043.0,69.33,0.022,82.94,6.82
2019-04-03,57152047.0,68.64,0.0236,81.49,6.79
2019-04-04,59810075.0,70.5,0.0241,81.9,6.75
2019-04-05,56839998.0,69.32,0.0241,80.72,7.2
2019-04-06,72905087.0,67.75,0.0232,83.6,7.31
2019-04-07,63510864.0,65.62,0.0246,83.82,7.45
2019-04-08,60090019.0,67.71,0.024,82.09,7.25
2019-04-09,64913665.0,66.47,0.0206,82.98,7.32
2019-04-10,63538269.0,67.06,0.0248,82.14,6.97
2019-04-11,63252232.0,69.45,0.0248,80.65,6.86
2019-04-12,67686116.0,71.66,0.0215,81.59,7.27
2019-04-13,68662059.0,69.16,0.0231,82.14,7.19
2019-04-14,62482294.0,66.03,0.0243,81.57,7.13
2019-04-15,62517031.0,69.36,0.0225,81.82,7.19
2019-04-16,64283235.0,70.92,0.0251,81.97,7.18
2019-04-17,54412312.0,67.35,0.0277,81.99,7.38
2019-04-18,58610443.0,68.36,0.0213,82.14,7.39
2019-04-19,73286311.0,68.7,0.0201,81.04,7.24
2019-04-20,74943386.0,67.15,0.0235,81.4,7.3
2019-04-21,65741044.0,70.07,0.0243,80.85,7.24
2019-04-22,70137760.0,68.58,0.0224,83.12,7.05
2019-04-23,69081055.0,69.71,0.0257,80.06,7.3
2019-04-24,83190120.0,67.15,0.0201,83.33,6.87
2019-04-25,73665589.0,68.1,0.0242,83.58,7.37
2019-04-26,67701216.0,70.47,0.0216,81.91,6.92
2019-04-27,63837287.0,68.33,0.0262,79.62,7.22
2019-04-28,60858043.0,72.58,0.0267,81.88,7.0
2019-04-29,70183983.0,68.37,0.0212,82.19,7.29
2019-04-30,65662410.0,69.67,0.0216,81.26,7.17
2019-05-01,62611507.0,71.14,0.0244,81.77,6.87
2019-05-02,66769641.0,66.49,0.0219,83.83,7.27
2019-05-03,64875618.0,65.85,0.0226,82.98,7.08
2019-05-04,79001045.0,66.37,0.0227,81.4,7.37
2019-05-05,75256646.0,72.0,0.0188,80.74,7.2
2019-05-06,71092830.0,68.42,0.0226,82.03,7.29
2019-05-07,78817800.0,74.69,0.0212,82.16,7.02
2019-05-08,72091453.0,68.5,0.0216,82.88,7.1
2019-05-09,67685871.0,70.04,0.0255,81.87,7.13
2019-05-10,79896748.0,72.81,0.0201,82.93,7.4
2019-05-11,75265672.0,73.79,0.0242,84.37,7.57
2019-05-12,67676048.0,73.95,0.022,83.26,7.07
2019-05-13,72202911.0,72.29,0.022,82.41,7.45
2019-05-14,69070012.0,71.97,0.0241,82.29,6.81
2019-05-15,66828781.0,71.16,0.0232,82.14,7.01
2019-05-16,78669525.0,71.58,0.0236,83.69,7.06
2019-05-17,83882766.0,68.97,0.0244,81.9,6.99
2019-05-18,67641082.0,68.49,0.0218,82.58,6.94
2019-05-19,77748200.0,70.17,0.0212,82.6,7.35
2019-05-20,71980776.0,69.88,0.0203,82.07,7.23
2019-05-21,73100203.0,69.37,0.0208,81.21,7.35
2019-05-22,72876912.0,71.72,0.0283,82.92,7.42
2019-05-23,71823196.0,72.29,0.0249,82.55,7.34
2019-05-24,76691246.0,70.6,0.0197,83.13,7.42
2019-05-25,72600602.0,73.43,0.0197,82.11,7.28
2019-05-26,78415582.0,68.24,0.0233,83.88,7.06
2019-05-27,77121287.0,70.19,0.0234,81.8,7.51
2019-05-28,76488158.0,69.19,0.0234,84.4,7.19
2019-05-29,73456746.0,66.94,0.0218,80.96,7.12
2019-05-30,75423625.0,70.56,0.022,83.15,7.28
2019-05-31,82398609.0,70.53,0.0229,83.21,7.14
2019-06-01,81441672.0,73.85,0.0224,81.95,7.24
2019-06-02,74366008.0,72.14,0.0178,83.19,7.4
2019-06-03,80068414.0,68.88,0.0218,84.06,7.4
2019-06-04,83647932.0,74.68,0.0205,80.58,7.16
2019-06-05,71864495.0,73.47,0.0225,83.31,7.24
2019-06-06,83250134.0,72.24,0.0281,80.33,7.56
2019-06-07,77543316.0,70.67,0.0229,81.87,7.45
2019-06-08,84033827.0,69.26,0.0215,84.48,7.77
2019-06-09,77690238.0,70.48,0.024,82.29,7.6
2019-06-10,72809130.0,73.45,0.0231,81.71,7.59
2019-06-11,74024147.0,75.1,0.0229,82.7,7.09
2019-06-12,82731920.0,74.46,0.0233,84.98,7.53
2019-06-13,84121066.0,70.45,0.0262,81.1,7.37
2019-06-14,78633157.0,69.24,0.0198,81.89,7.27
2019-06-15,86681321.0,71.81,0.023,84.46,7.42
2019-06-16,75515717.0,68.04,0.0202,84.83,7.58
2019-06-17,83829220.0,72.27,0.0231,82.88,7.5
2019-06-18,78442189.0,71.38,0.0202,81.76,7.23
2019-06-19,81577095.0,70.79,0.0211,85.11,7.55
2019-06-20,85413634.0,68.59,0.0214,84.63,7.28
2019-06-21,81216305.0,72.85,0.0239,83.73,7.46
2019-06-22,83938697.0,70.81,0.0238,82.25,7.36
2019-06-23,91237418.0,69.59,0.0194,83.03,7.38
2019-06-24,83667355.0,66.23,0.022,82.93,7.58
2019-06-25,91077524.0,71.97,0.0205,83.44,7.22
2019-06-26,81599170.0,75.62,0.0194,84.57,7.83
2019-06-27,90246766.0,75.45,0.0214,84.02,7.08
2019-06-28,95157033.0,71.26,0.0212,82.08,7.33
2019-06-29,75943822.0,71.02,0.0267,84.54,7.52
2019-06-30,84671839.0,73.21,0.0227,83.5,7.57
2019-07-01,91897368.0,70.33,0.019,83.89,7.44
2019-07-02,88353899.0,72.98,0.0207,84.68,7.45
2019-07-03,91583407.0,73.96,0.0238,82.12,7.55
2019-07-04,87067742.0,74.93,0.0259,83.21,7.43
2019-07-05,90882051.0,72.33,0.0186,82.73,7.76
2019-07-06,90033601.0,72.17,0.018,81.71,7.65
2019-07-07,97015238.0,70.87,0.0255,83.63,7.66
2019-07-08,92814234.0,71.02,0.0225,85.81,7.3
2019-07-09,93597413.0,72.27,0.0199,81.48,7.48
2019-07-10,90218758.0,73.51,0.0227,83.3,7.44
2019-07-11,90210335.0,74.65,0.0164,83.99,7.3
2019-07-12,90857283.0,71.27,0.0216,83.49,7.58
2019-07-13,95365534.0,75.91,0.0223,83.27,7.41
2019-07-14,91663048.0,72.44,0.0235,82.09,7.65
2019-07-15,95593044.0,72.99,0.0196,83.64,7.31
2019-07-16,104898883.0,71.58,0.0217,82.67,7.87
2019-07-17,99256727.0,68.28,0.0197,81.25,7.35
2019-07-18,93651732.0,74.95,0.0221,84.65,7.58
2019-07-19,101670193.0,74.7,0.0197,84.43,7.7
2019-07-20,94007554.0,72.72,0.0207,83.54,7.43
2019-07-21,86242656.0,73.46,0.0195,83.73,7.72
2019-07-22,91779740.0,74.41,,84.59,7.31
2019-07-23,87854658.0,70.3,0.0232,83.75,7.85
2019-07-24,95841054.0,72.42,0.021,84.45,7.57
2019-07-25,98082282.0,75.12,0.0215,83.26,7.45
2019-07-26,106765516.0,71.07,0.0185,84.89,7.51
2019-07-27,100412683.0,74.22,0.0208,83.91,7.74
2019-07-28,98078844.0,70.97,0.0213,83.8,7.46
2019-07-29,103719265.0,74.66,0.0266,82.35,7.44
2019-07-30,88916048.0,73.71,0.0191,83.92,7.55
2019-07-31,101550887.0,70.6,0.0243,82.82,7.36
2019-08-01,104629839.0,76.21,0.0233,83.03,7.96
2019-08-02,93786896.0,72.46,0.0219,82.86,7.49
2019-08-03,107304534.0,72.36,0.0248,82.63,7.77
2019-08-04,103685811.0,74.43,,85.83,7.65
2019-08-05,100326090.0,76.38,0.0221,85.06,7.42
2019-08-06,105977281.0,72.1,0.0212,85.66,7.62
2019-08-07,114579326.0,74.3,0.0237,82.53,7.78
2019-08-08,104549339.0,75.09,0.0234,83.84,7.59
2019-08-09,105296917.0,75.67,0.02,82.49,7.87
2019-08-10,102176485.0,74.68,0.0186,83.1,7.84
2019-08-11,100643218.0,73.65,0.0208,82.9,7.83
2019-08-12,109464950.0,72.77,0.0196,85.07,7.56
2019-08-13,101455372.0,74.65,0.021,83.45,7.44
2019-08-14,106517838.0,72.39,0.0236,84.93,7.53
2019-08-15,104197636.0,68.74,0.0202,84.48,7.7
2019-08-16,109408449.0,75.5,0.021,86.19,7.78
2019-08-17,109111202.0,76.49,0.0212,82.42,7.24
2019-08-18,113061655.0,70.0,0.0228,85.18,7.67
2019-08-19,105756667.0,72.76,0.0166,85.08,7.71
2019-08-20,107391904.0,76.07,0.0198,82.98,7.63
2019-08-21,104283734.0,78.99,0.0215,84.97,7.95
2019-08-22,107394110.0,74.97,0.0234,84.32,7.78
2019-08-23,111941860.0,73.52,0.02,83.77,7.96
2019-08-24,114281846.0,74.66,0.0172,83.19,7.66
2019-08-25,106329393.0,77.83,0.0222,83.3,7.89
2019-08-26,115733345.0,73.84,0.0197,86.09,8.04
2019-08-27,118610386.0,73.58,0.0186,84.05,7.98
2019-08-28,114348045.0,74.26,0.0197,84.85,7.5
2019-08-29,122115324.0,73.37,0.0205,83.29,7.67
2019-08-30,109314681.0,75.58,0.0197,83.32,7.66
2019-08-31,107414449.0,78.63,0.0165,85.2,7.83
2019-09-01,105200040.0,76.08,0.0227,82.78,7.88
2019-09-02,122031610.0,74.98,0.0234,83.73,7.58
2019-09-03,118282800.0,74.95,0.0221,84.19,7.76
2019-09-04,115194476.0,72.45,0.0186,84.29,7.35
2019-09-05,117335521.0,77.4,0.0204,84.01,8.05
2019-09-06,110773370.0,75.53,0.0208,84.6,7.66
2019-09-07,129096579.0,75.37,0.022,84.91,7.78
2019-09-08,117982803.0,82.17,0.0221,84.97,7.71
2019-09-09,118354429.0,76.43,0.0193,83.26,8.0
2019-09-10,121908935.0,74.38,0.0209,83.98,7.21
2019-09-11,121159692.0,75.08,0.0216,85.47,7.78
2019-09-12,120350513.0,78.28,0.0236,85.19,7.77
2019-09-13,115757079.0,76.26,0.0221,82.94,7.7
2019-09-14,122547072.0,73.2,0.0223,84.68,8.14
2019-09-15,130082057.0,77.97,0.0208,82.36,7.62
2019-09-16,127883174.0,74.84,-0.01,84.4,7.96
2019-09-17,129608089.0,79.98,0.0215,86.27,7.88
2019-09-18,119574110.0,78.44,0.0189,83.44,8.07
2019-09-19,117672154.0,75.44,0.0234,83.57,7.69
2019-09-20,122483200.0,78.94,0.022,85.18,7.68
2019-09-21,123884688.0,76.57,0.0197,82.89,8.05
2019-09-22,129572933.0,78.19,0.0196,83.81,7.92
2019-09-23,116137553.0,77.5,0.0211,85.06,7.53
2019-09-24,132747526.0,74.89,0.0215,83.84,7.73
2019-09-25,124811639.0,75.34,0.0209,84.25,7.92
2019-09-26,123971191.0,78.74,0.0211,85.25,8.02
2019-09-27,121551014.0,76.06,0.0239,84.94,7.72
2019-09-28,118845222.0,75.97,0.0226,84.8,7.28
2019-09-29,131745366.0,74.92,0.0208,84.21,7.97
2019-09-30,128508156.0,77.73,0.0223,84.93,7.63
2019-10-01,122205870.0,81.06,0.0184,84.46,7.47
2019-10-02,122696451.0,74.85,0.0212,85.05,7.31
2019-10-03,128011163.0,77.08,0.024,84.11,8.05
2019-10-04,138555514.0,79.91,0.0199,84.44,7.91
2019-10-05,129434858.0,76.97,0.0187,83.65,7.85
2019-10-06,123741604.0,78.09,0.019,84.62,8.17
2019-10-07,130555212.0,75.11,0.0182,83.86,8.03
2019-10-08,130949031.0,78.14,0.0187,83.57,8.23
2019-10-09,119359058.0,76.96,0.0196,84.96,7.63
2019-10-10,133104989.0,79.35,0.0175,84.93,7.91
2019-10-11,132756901.0,79.81,0.0203,85.51,7.6
2019-10-12,137929863.0,82.66,0.0221,84.31,7.88
2019-10-13,144233024.0,78.69,0.0184,85.17,7.88
2019-10-14,141162646.0,78.23,0.0233,85.33,8.06
2019-10-15,134729127.0,78.02,0.0212,85.23,7.95
2019-10-16,131086872.0,76.98,0.0223,83.98,8.07
2019-10-17,150034423.0,78.41,0.0189,84.97,8.09
2019-10-18,138014037.0,77.19,0.0219,85.2,8.38
2019-10-19,138340119.0,78.17,,84.86,7.89
2019-10-20,138704593.0,80.52,0.0219,82.78,7.77
2019-10-21,140372613.0,75.92,0.0205,85.04,8.01
2019-10-22,139219593.0,80.26,0.0212,87.11,7.81
2019-10-23,137634534.0,80.67,0.0177,84.55,8.27
2019-10-24,138332251.0,77.85,0.0183,84.2,7.92
2019-10-25,141468743.0,73.89,0.0213,85.31,7.87
2019-10-26,139483619.0,76.97,0.0181,85.27,7.89
2019-10-27,139207028.0,80.83,0.021,86.16,8.13
2019-10-28,143876211.0,78.24,0.0173,83.73,7.96
2019-10-29,142644274.0,76.33,0.0217,85.73,7.87
2019-10-30,152016533.0,77.37,0.0175,85.61,8.34
2019-10-31,131821444.0,80.11,0.0211,84.89,7.84
2019-11-01,151115878.0,79.58,0.0212,85.38,8.02
2019-11-02,152473155.0,78.06,0.0185,86.09,8.15
2019-11-03,136462509.0,77.85,0.0211,85.95,7.7
2019-11-04,145705106.0,77.85,0.0204,83.95,8.12
2019-11-05,146152788.0,76.84,0.0188,85.93,7.82
2019-11-06,141566254.0,81.96,0.0179,85.06,8.2
2019-11-07,145310932.0,78.14,0.0159,85.21,7.85
2019-11-08,144245731.0,81.27,0.0205,85.22,8.18
2019-11-09,159160960.0,81.93,0.0167,85.01,8.27
2019-11-10,155681407.0,80.93,0.02,86.37,8.23
2019-11-11,157966619.0,78.12,0.0193,85.11,8.11
2019-11-12,155825464.0,79.84,0.0211,84.09,8.02
2019-11-13,147182544.0,79.04,0.0192,84.83,7.95
2019-11-14,150818351.0,77.33,0.0191,85.42,8.37
2019-11-15,156503435.0,79.83,0.0212,86.48,7.94
2019-11-16,148564003.0,76.88,0.0204,85.87,7.87
2019-11-17,158860194.0,81.66,0.0203,84.43,8.22
2019-11-18,154716624.0,78.41,0.0206,87.79,7.93
2019-11-19,154669696.0,79.79,0.0166,85.58,7.9
2019-11-20,160726658.0,80.0,,86.61,7.81
2019-11-21,160023753.0,78.97,0.0209,85.19,8.01
2019-11-22,156630714.0,80.71,0.0176,85.89,8.09
2019-11-23,164867842.0,78.63,,86.21,8.16
2019-11-24,154304075.0,81.38,0.0195,86.61,8.31
2019-11-25,163429829.0,76.99,0.0193,86.46,8.23
2019-11-26,163958987.0,79.99,0.0202,86.29,8.09
2019-11-27,160091659.0,83.66,0.0224,85.12,8.09
2019-11-28,163918558.0,77.83,0.0217,84.88,8.24
2019-11-29,156683429.0,78.53,0.0169,85.8,8.39
2019-11-30,168212849.0,80.96,0.0208,86.41,8.17
2019-12-01,163324542.0,80.34,0.0222,85.27,8.05
2019-12-02,162294410.0,80.74,0.0203,86.58,7.95
2019-12-03,170814687.0,81.06,0.0217,86.98,7.87
2019-12-04,162712193.0,81.4,0.0235,84.62,8.3
2019-12-05,159858540.0,82.4,0.0215,84.72,8.28
2019-12-06,159787312.0,81.05,0.0199,85.43,8.29
2019-12-07,171272806.0,79.8,0.0215,85.89,8.15
2019-12-08,162515604.0,81.68,0.0197,85.08,8.46
2019-12-09,178369425.0,84.19,0.0194,86.97,8.09
2019-12-10,159866229.0,80.17,0.0187,86.05,8.38
2019-12-11,179441310.0,78.54,0.0225,85.69,8.19
2019-12-12,172700009.0,82.75,0.0177,84.22,8.08
2019-12-13,171850001.0,80.34,0.0224,84.36,8.32
2019-12-14,170300378.0,76.29,0.0203,85.97,8.29
2019-12-15,175714836.0,82.38,0.0165,83.57,8.28
2019-12-16,,79.67,0.02,86.73,8.23
2019-12-17,180632394.0,80.6,0.0151,85.58,8.21
2019-12-18,176389593.0,81.5,0.0205,88.99,8.7
2019-12-19,177275353.0,81.27,0.021,88.07,8.47
2019-12-20,175414002.0,82.35,0.018,85.6,8.38
2019-12-21,177658396.0,80.12,0.0195,85.69,8.26
2019-12-22,180196046.0,82.06,0.0231,86.81,8.44
2019-12-23,170822972.0,80.57,0.0182,87.53,8.35
2019-12-24,173352541.0,82.61,0.017,84.2,8.26
2019-12-25,184532329.0,82.42,0.0221,84.07,8.2
2019-12-26,182395775.0,79.37,0.0231,85.25,8.25
2019-12-27,181349881.0,83.46,0.0191,86.47,7.63
2019-12-28,183093239.0,80.26,0.0211,86.4,8.31
2019-12-29,185473184.0,83.0,0.0218,86.99,8.18
2019-12-30,181773629.0,82.17,0.0176,84.73,8.6
2019-12-31,181321012.0,85.16,0.0181,83.63,8.29
2020-01-01,186934841.0,81.09,0.0215,86.82,8.05
2020-01-02,181809810.0,80.89,0.0224,85.15,8.28
2020-01-03,189491991.0,81.6,0.0201,83.97,8.09
2020-01-04,179689867.0,81.08,0.0172,86.15,8.4
2020-01-05,194103639.0,83.34,0.023,86.81,8.36
2020-01-06,192078953.0,78.55,0.0179,85.91,8.5
2020-01-07,191757260.0,79.73,0.0183,85.59,8.16
2020-01-08,,79.75,0.0196,85.91,8.33
2020-01-09,200335950.0,83.84,0.022,85.71,8.05
2020-01-10,197850772.0,85.41,0.0206,84.75,8.47
2020-01-11,184347986.0,81.83,0.0197,85.4,8.44
2020-01-12,187931010.0,81.75,0.0198,86.65,8.44
2020-01-13,191984455.0,82.28,0.0189,86.46,8.34
2020-01-14,196021785.0,84.51,0.02,86.32,8.43
2020-01-15,199265547.0,80.38,0.0138,85.18,8.67
2020-01-16,193837608.0,82.76,0.0182,86.0,8.3
2020-01-17,199192402.0,84.29,0.0193,84.02,8.39
2020-01-18,195277073.0,83.39,0.0165,86.39,8.15
2020-01-19,196795009.0,82.82,0.0195,87.66,8.2
2020-01-20,193621107.0,84.49,0.0183,84.77,8.39
2020-01-21,196843278.0,77.13,0.0222,85.68,8.6
2020-01-22,195509283.0,83.94,0.0219,86.61,8.33
2020-01-23,198199844.0,81.33,0.0178,87.54,8.34
2020-01-24,209162179.0,79.03,0.0184,85.86,8.31
2020-01-25,199965005.0,83.76,0.0185,85.63,8.29
2020-01-26,218695220.0,85.54,0.0178,84.37,8.46
2020-01-27,208824506.0,82.56,0.019,86.45,8.11
2020-01-28,208110011.0,84.79,0.0171,88.41,8.67
2020-01-29,203725277.0,86.16,0.0164,86.66,8.28
2020-01-30,212353187.0,85.62,0.0198,86.37,8.56
2020-01-31,206811367.0,86.32,0.0198,86.73,8.17
2020-02-01,211140886.0,84.57,0.017,86.42,8.56
2020-02-02,224175916.0,83.29,0.0203,85.63,8.57
2020-02-03,211743239.0,79.98,0.0173,87.28,8.51
2020-02-04,218821352.0,82.75,0.019,86.7,8.24
2020-02-05,210413967.0,81.6,0.0202,86.5,8.5
2020-02-06,214613200.0,87.68,0.0184,85.53,8.21
2020-02-07,224503882.0,83.04,0.0194,87.82,8.4
2020-02-08,213380238.0,83.68,0.0174,87.2,8.67
2020-02-09,226445981.0,84.59,0.0181,85.99,8.62
2020-02-10,221794648.0,83.63,0.018,87.56,8.47
2020-02-11,216319204.0,86.98,0.0169,86.08,8.28
2020-02-12,223172739.0,82.39,0.0181,85.81,8.61
2020-02-13,225756162.0,84.08,0.0153,85.85,8.49
2020-02-14,224888671.0,82.25,0.0174,84.85,8.02
2020-02-15,214818284.0,81.15,0.0178,87.11,8.65
2020-02-16,219927078.0,82.62,0.0178,84.82,8.49
2020-02-17,,83.81,0.0179,85.44,8.74
2020-02-18,224988077.0,83.08,0.0182,84.61,8.29
2020-02-19,229367757.0,82.6,0.0193,86.61,7.87
2020-02-20,228060681.0,81.23,0.02,86.56,8.57
2020-02-21,221406876.0,83.92,0.017,86.4,8.58
2020-02-22,230899665.0,81.13,0.0159,85.7,8.18
2020-02-23,232970354.0,85.71,0.0162,85.58,8.33
2020-02-24,233638814.0,84.4,0.0173,87.24,9.08
2020-02-25,237169902.0,81.37,0.0175,86.24,8.47
2020-02-26,236865461.0,83.72,0.0167,87.12,8.69
2020-02-27,235925334.0,82.89,0.0156,85.93,8.41
2020-02-28,234215933.0,85.08,0.0173,87.01,8.13
2020-02-29,227203046.0,87.17,0.0185,88.15,8.52
2020-03-01,238600807.0,80.79,0.0193,87.45,8.51
2020-03-02,238439810.0,84.82,0.017,86.46,8.48
2020-03-03,239711727.0,84.32,0.0173,87.15,8.54
2020-03-04,232926373.0,86.03,0.0162,86.67,8.62
2020-03-05,234864953.0,85.17,0.018,86.93,8.55
2020-03-06,246499971.0,83.29,0.0164,86.61,8.33
2020-03-07,242004270.0,84.2,0.0192,86.79,8.68
2020-03-08,246581271.0,83.3,0.0145,87.18,8.2
2020-03-09,244290980.0,87.09,0.0173,85.99,8.18
2020-03-10,245277704.0,85.03,0.0186,85.98,8.75
2020-03-11,250803807.0,88.84,0.0184,85.62,8.71
2020-03-12,244519575.0,84.97,0.0234,85.43,8.6
2020-03-13,248571775.0,83.72,0.0187,85.82,8.33
2020-03-14,246775144.0,82.16,0.0159,87.22,8.48
2020-03-15,247913382.0,81.63,0.0177,86.18,8.57
2020-03-16,249543354.0,82.12,0.0144,87.6,8.31
2020-03-17,253207262.0,85.87,0.0177,87.14,8.48
2020-03-18,250714269.0,86.41,0.0162,85.15,8.77
2020-03-19,260402270.0,82.28,0.0197,87.79,8.93
2020-03-20,250670004.0,87.28,0.0168,87.96,8.56
2020-03-21,255232324.0,84.57,0.0176,86.17,8.8
2020-03-22,254995775.0,85.88,0.0166,87.6,8.27
2020-03-23,265461192.0,88.87,0.0213,86.34,8.79
2020-03-24,260245088.0,87.48,0.0172,87.3,8.5
2020-03-25,265461706.0,85.2,0.0214,85.96,8.73
2020-03-26,253919023.0,84.01,0.0194,85.44,8.62
2020-03-27,263730607.0,81.54,0.0187,86.87,8.94
2020-03-28,267896248.0,84.45,0.0185,87.14,8.51
2020-03-29,264916476.0,85.52,0.0185,86.88,8.81
2020-03-30,270893660.0,84.02,0.0138,86.11,8.63
2020-03-31,264045276.0,85.78,0.0171,86.91,8.66
2020-04-01,274748190.0,86.24,0.0194,87.6,8.66
2020-04-02,280269970.0,85.69,0.0176,87.3,8.53
2020-04-03,268039622.0,84.89,0.0148,87.54,8.7
2020-04-04,268708964.0,86.58,0.0175,86.7,8.7
2020-04-05,279290405.0,87.18,0.021,88.56,8.76
2020-04-06,281012710.0,84.16,0.0201,86.23,8.74
2020-04-07,271596294.0,89.21,0.0175,87.9,8.88
2020-04-08,273209801.0,86.24,0.0195,88.61,8.91
2020-04-09,275006367.0,86.53,0.0168,87.93,8.52
2020-04-10,270802025.0,87.96,0.0141,87.26,8.91
2020-04-11,274044453.0,87.06,0.0157,86.95,8.51
2020-04-12,274734912.0,88.55,0.0206,88.53,8.87
2020-04-13,277039016.0,87.27,0.0169,86.08,8.88
04/14/2020,281831471.0,85.52,0.017,86.55,8.37
2020-04-15,284307381.0,87.51,0.0169,87.14,8.78
2020-04-16,292024762.0,84.55,0.0213,88.79,8.67
2020-04-17,280420998.0,87.11,0.0207,87.95,8.62
2020-04-18,291479465.0,86.88,0.0219,86.61,9.04
04/19/2020,286637588.0,86.58,0.0171,87.29,8.65
2020-04-20,288614505.0,86.78,0.018,87.0,8.62
2020-04-21,293394844.0,83.33,0.0143,86.92,8.8
2020-04-22,285570708.0,86.04,0.0203,88.62,8.93
2020-04-23,294264607.0,87.38,0.015,86.29,8.77
2020-04-24,294357747.0,87.56,0.0178,89.28,9.04
2020-04-25,297165376.0,85.24,0.0151,88.52,8.91
2020-04-26,297331321.0,89.87,0.0161,88.79,8.38
2020-04-27,309349080.0,85.66,0.0156,87.25,8.71
2020-04-28,295075743.0,89.38,0.0161,87.58,8.71
2020-04-29,296806105.0,88.35,0.0162,86.31,8.92
2020-04-30,297546834.0,86.25,0.0161,87.24,8.3
2020-05-01,299091418.0,91.14,0.0189,88.27,9.34
2020-05-02,299892975.0,85.26,0.015,89.09,8.94
2020-05-03,310240959.0,89.53,0.0176,86.7,8.87
2020-05-04,312619242.0,89.74,0.0196,87.46,9.08
2020-05-05,303888732.0,86.45,0.0161,87.69,9.32
2020-05-06,303811346.0,90.63,0.0157,86.46,9.03
2020-05-07,311565799.0,87.39,0.0167,88.46,9.05
2020-05-08,307688161.0,88.52,0.0195,87.16,8.89
2020-05-09,314859467.0,88.51,0.0175,87.7,8.84
2020-05-10,313959953.0,87.77,0.016,87.46,8.78
2020-05-11,306622163.0,89.71,0.018,87.14,8.71
2020-05-12,323198993.0,89.73,0.0149,87.94,8.75
2020-05-13,325706497.0,84.7,0.0184,87.74,8.62
2020-05-14,314933884.0,90.85,0.0178,87.6,8.88
2020-05-15,317335137.0,84.97,0.0164,87.26,8.56
2020-05-16,321983907.0,90.41,0.0153,88.32,8.94
2020-05-17,323512939.0,90.65,0.0152,89.67,8.9
2020-05-18,326424611.0,86.26,0.018,88.17,8.94
2020-05-19,334479327.0,87.67,0.0194,89.04,8.81
2020-05-20,324845185.0,86.33,0.0157,86.67,9.53
2020-05-21,323045273.0,88.16,0.0178,88.24,9.2
2020-05-22,321452245.0,88.03,0.0127,87.0,8.68
2020-05-23,326011536.0,90.25,0.0157,86.63,8.98
2020-05-24,330823183.0,91.36,0.0168,87.38,8.82
2020-05-25,341289544.0,91.59,0.015,89.33,8.74
2020-05-26,331061963.0,87.72,0.015,89.1,8.68
2020-05-27,336107574.0,88.48,0.0155,88.41,9.04
2020-05-28,336250504.0,85.58,0.0174,86.65,8.82
2020-05-29,343623962.0,87.38,0.0164,88.0,9.15
2020-05-30,351671448.0,90.97,0.0123,88.51,9.16
2020-05-31,337742668.0,92.33,0.0125,88.4,9.24
2020-06-01,339315498.0,86.68,0.0155,86.4,8.8
2020-06-02,348354662.0,88.01,0.0177,87.37,9.07
2020-06-03,347919979.0,89.19,0.0112,88.21,9.11
2020-06-04,355126245.0,89.85,0.0157,88.82,8.89
2020-06-05,350200081.0,87.73,0.0156,86.11,8.84
2020-06-06,346877280.0,90.24,0.0195,88.16,9.32
2020-06-07,353025904.0,88.5,0.0159,88.48,9.05
2020-06-08,357020650.0,89.47,0.0174,89.2,9.13
2020-06-09,356989680.0,90.64,0.0169,89.06,8.84
2020-06-10,356839434.0,89.61,0.0124,88.96,8.77
2020-06-11,361057912.0,88.77,0.0181,87.59,8.9
2020-06-12,362998194.0,89.48,0.017,86.5,9.0
2020-06-13,365495415.0,89.57,0.0176,88.03,8.81
2020-06-14,363266822.0,89.05,0.0244,89.44,9.03
2020-06-15,360632107.0,89.33,0.0124,89.85,8.7
2020-06-16,363651485.0,93.09,0.02,89.18,8.82
2020-06-17,370406499.0,91.07,0.0159,88.91,9.18
2020-06-18,361751155.0,89.4,0.0171,88.88,9.17
2020-06-19,369146945.0,91.44,0.0164,87.96,8.98
2020-06-20,366810518.0,89.43,0.0156,88.4,8.86
2020-06-21,370400481.0,92.49,0.0153,90.21,8.86
2020-06-22,378134498.0,90.93,0.0171,87.62,8.99
2020-06-23,374189175.0,90.03,0.0134,90.19,9.2
2020-06-24,374963288.0,91.19,0.0179,88.27,9.26
2020-06-25,369435257.0,87.2,0.0156,89.93,8.98
2020-06-26,381475270.0,88.14,0.0141,87.21,8.85
2020-06-27,382486944.0,88.06,0.0155,89.22,9.14
2020-06-28,391597397.0,90.78,0.0189,87.91,8.93
2020-06-29,380769938.0,94.01,0.0153,87.25,9.0
2020-06-30,384938416.0,95.06,0.017,88.9,9.37
2020-07-01,386629571.0,91.92,0.0148,89.7,9.27
2020-07-02,394816086.0,91.7,0.0178,87.86,9.14
2020-07-03,388004712.0,87.14,0.0176,87.22,8.86
2020-07-04,391434896.0,89.71,0.02,88.65,9.16
2020-07-05,394644123.0,89.27,0.0159,88.67,9.34
2020-07-06,394108815.0,89.65,0.0176,89.32,9.06
2020-07-07,392521035.0,90.61,0.0164,89.73,9.41
2020-07-08,397307415.0,90.05,0.0188,88.74,9.4
2020-07-09,403295240.0,87.09,0.0147,90.67,9.48
2020-07-10,394391000.0,92.59,0.0177,89.05,9.21
2020-07-11,401791326.0,89.0,0.0158,88.5,9.27
2020-07-12,399235205.0,91.67,0.016,87.25,9.44
2020-07-13,410326831.0,95.39,0.0163,88.61,9.25
2020-07-14,398357934.0,89.46,0.0166,88.55,9.07
2020-07-15,404808039.0,86.29,0.0159,89.86,9.08
2020-07-16,411124022.0,90.82,0.0165,89.38,9.22
2020-07-17,418707458.0,93.65,0.0192,87.75,8.92
2020-07-18,412199550.0,95.41,0.018,89.12,9.16
2020-07-19,411407379.0,89.09,0.0178,89.64,9.41
2020-07-20,,92.59,0.0151,90.51,8.76
2020-07-21,410273407.0,90.72,0.0142,89.88,9.51
2020-07-22,408194524.0,91.48,0.0179,89.77,9.43
2020-07-23,423070423.0,97.04,0.0177,89.08,9.12
2020-07-24,420048625.0,88.79,0.0189,89.43,9.32
2020-07-25,419148051.0,92.35,0.0147,90.3,9.22
2020-07-26,429498118.0,92.83,0.0155,87.74,9.47
2020-07-27,428884290.0,94.12,0.0126,88.73,9.42
2020-07-28,426560699.0,92.19,0.0151,88.33,8.95
2020-07-29,424702260.0,92.66,0.0179,89.49,9.35
2020-07-30,437195671.0,91.31,0.0149,90.36,9.2
2020-07-31,437820931.0,92.69,0.0171,88.55,9.26
2020-08-01,435817553.0,91.51,0.0155,86.77,9.1
2020-08-02,447297121.0,93.49,0.0165,88.76,9.6
2020-08-03,434471038.0,91.56,0.0135,90.1,9.46
2020-08-04,433958413.0,93.1,0.016,89.74,9.11
2020-08-05,439898155.0,92.34,0.01,89.65,9.0
2020-08-06,444908530.0,94.7,0.0154,88.95,9.19
2020-08-07,448139059.0,92.39,0.0125,87.97,9.36
2020-08-08,447509247.0,89.0,0.0181,89.78,9.33
2020-08-09,452275965.0,95.12,0.0173,88.44,9.53
2020-08-10,446065474.0,90.84,0.0166,91.48,9.45
2020-08-11,461356728.0,91.39,0.0187,89.88,9.49
2020-08-12,455549164.0,91.56,0.0138,88.74,9.36
2020-08-13,463375725.0,95.55,0.0192,88.73,9.02
2020-08-14,461339537.0,88.58,0.0175,89.26,9.27
2020-08-15,463753709.0,99.17,0.0152,89.13,9.52
2020-08-16,466170211.0,95.06,0.0179,90.5,9.31
2020-08-17,467418777.0,93.44,0.0134,89.59,9.42
2020-08-18,470260166.0,92.94,0.0139,88.68,9.26
2020-08-19,475566120.0,93.67,0.0144,91.32,9.12
2020-08-20,471784286.0,94.19,0.0145,89.49,9.31
2020-08-21,476235570.0,94.49,0.0134,90.23,9.4
2020-08-22,474138321.0,94.36,0.018,88.87,9.21
2020-08-23,483691644.0,93.48,0.015,89.85,9.3
2020-08-24,475020793.0,92.95,0.0162,89.82,9.16
2020-08-25,489326823.0,93.1,0.0143,87.63,9.58
2020-08-26,482048398.0,93.06,0.0118,91.55,9.3
2020-08-27,477030111.0,95.77,0.016,90.84,9.66
2020-08-28,486767070.0,94.74,0.0116,89.17,9.68
2020-08-29,484671644.0,87.72,0.0153,88.48,9.36
2020-08-30,494238299.0,94.96,0.0127,89.94,9.18
2020-08-31,488737998.0,94.09,0.0194,89.7,8.97
2020-09-01,491744124.0,93.71,0.0172,89.98,9.09
2020-09-02,486509181.0,93.02,0.0156,89.83,9.12
2020-09-03,495685147.0,96.1,0.0179,90.16,9.67
2020-09-04,487825059.0,95.79,0.0136,91.12,9.42
2020-09-05,494030734.0,92.4,0.0164,90.25,9.48
2020-09-06,507766161.0,94.81,0.0157,88.65,8.97
2020-09-07,509915008.0,92.11,0.0158,91.08,9.17
2020-09-08,510143327.0,91.34,0.0178,91.37,9.6
2020-09-09,505219334.0,92.9,0.0167,92.9,9.48
2020-09-10,511862011.0,95.92,0.0158,88.64,9.4
2020-09-11,514137119.0,96.16,0.0119,90.02,9.55
2020-09-12,510426114.0,95.33,0.0133,87.71,9.76
2020-09-13,525806011.0,95.8,0.0149,90.36,9.4
2020-09-14,524755223.0,95.43,0.0154,89.27,9.46
2020-09-15,521351324.0,93.17,0.0129,91.76,9.49
2020-09-16,524686685.0,95.36,0.02,89.08,9.93
2020-09-17,527698689.0,96.15,0.0182,88.18,9.04
2020-09-18,518561064.0,96.11,0.0163,89.41,9.6
2020-09-19,529655292.0,97.03,0.0152,87.92,9.45
2020-09-20,529611209.0,96.12,0.0147,90.66,9.59
2020-09-21,530151528.0,95.45,0.0132,87.86,9.35
2020-09-22,535901203.0,96.94,0.0152,89.97,9.47
2020-09-23,548450828.0,94.8,0.0156,87.88,9.63
2020-09-24,544830950.0,93.14,0.0125,89.65,10.0
2020-09-25,540943864.0,94.62,0.0157,91.63,9.66
2020-09-26,548844414.0,93.51,0.0147,90.36,9.33
2019-01-06,44117136.0,63.17,0.0241,80.48,6.32
2019-01-20,42735516.0,65.7,0.0243,81.87,6.61
2018-04-14,11093186.0,49.88,0.0307,77.62,5.64
2018-04-17,24718032.0,51.53,0.0266,75.3,5.42
2020-07-07,392521035.0,90.61,0.0164,89.73,9.41
