date,dau,avg_session_duration_min,churn_rate,organic_traffic_pct,twitter_volatility_index,organic_dau_proxy
2023-07-05,99152480.0,18.89,0.0579,89.93,9.2,89167825.26400001
2023-07-06,98613941.0,19.36,0.0323,88.94,8.31,87707239.12539999
2023-07-07,95452746.0,19.04,0.0573,89.56,9.07,85487479.3176
2023-07-08,97909594.0,19.42,0.048,91.28,8.46,89371877.4032
2023-07-09,99563643.0,19.75,0.0575,92.36,9.49,91956980.6748
2023-07-10,95080186.0,20.79,0.0583,90.89,9.06,86418381.05540001
2023-07-11,99258724.0,19.62,0.0667,89.9,8.82,89233592.876
2023-07-12,97672848.0,18.34,0.0642,92.65,8.54,90493893.672
2023-07-13,94766790.0,21.06,0.0643,88.97,10.0,84314013.06300001
2023-07-14,95492562.0,19.07,0.0653,91.61,8.14,87480736.0482
2023-07-15,98515025.0,19.84,0.0539,88.92,8.09,87599560.23
2023-07-16,96330619.0,20.34,0.0514,90.31,8.43,86996182.01889999
2023-07-17,94428604.0,20.08,0.0599,89.17,9.94,84201986.1868
2023-07-18,93485543.0,20.96,0.0586,89.24,9.96,83426498.5732
2023-07-19,93666347.0,20.34,0.0483,88.54,9.31,82932183.6338
2023-07-20,92044157.0,18.99,0.0555,91.94,9.76,84625397.9458
2023-07-21,88415063.0,22.02,0.0513,87.73,8.43,77566534.76990001
2023-07-22,96268109.0,20.02,0.0432,87.67,9.94,84398251.1603
2023-07-23,92055895.0,19.67,0.0647,93.34,8.29,85924972.393
2023-07-24,92105321.0,20.77,0.0525,91.0,8.2,83815842.11
2023-07-25,90759269.0,20.05,0.0725,84.23,8.22,76446532.2787
2023-07-26,88973176.0,20.19,0.0358,87.82,9.15,78136243.16319999
2023-07-27,89642141.0,22.27,0.0466,85.27,9.56,76437853.63069999
2023-07-28,86388024.0,19.49,0.0526,86.95,8.73,75114386.868
2023-07-29,93716044.0,19.44,0.0638,82.52,9.96,77334479.50879999
2023-07-30,86270125.0,19.87,0.0565,88.47,8.87,76323179.5875
2023-07-31,86254705.0,20.81,0.0557,86.41,8.3,74532690.5905
2023-08-01,87019807.0,18.22,0.0414,88.77,8.93,77247482.6739
2023-08-02,90060353.0,17.75,0.0412,85.35,9.36,76866511.28549999
2023-08-03,87099273.0,19.12,0.0561,88.71,9.66,77265765.0783
2023-08-04,84186204.0,18.07,0.0394,87.67,1.4,73806045.0468
2023-08-05,88757528.0,19.26,0.0478,91.45,3.69,81168759.356
2023-08-06,87303373.0,20.18,0.0582,91.22,1.03,79638136.85059999
2023-08-07,86512897.0,18.78,0.0435,89.92,2.9,77792396.9824
2023-08-08,86464275.0,18.23,0.0695,87.65,1.77,75785937.03750001
2023-08-09,89420422.0,19.72,0.0657,92.22,3.51,82463513.1684
2023-08-10,88602883.0,20.5,0.0379,85.09,4.92,75392193.1447
2023-08-11,82462349.0,17.93,0.0444,85.34,2.86,70373368.6366
2023-08-12,86688717.0,20.44,0.0309,87.93,4.27,76225388.8581
2023-08-13,83814523.0,20.43,0.0461,92.56,3.03,77578722.4888
2023-08-14,83655678.0,20.55,0.0617,87.59,2.98,73274008.3602
2023-08-15,78884295.0,20.81,0.05,87.58,4.72,69086865.56099999
2023-08-16,81541456.0,21.78,0.0588,85.01,4.56,69318391.7456
2023-08-17,79872001.0,19.21,0.0391,89.74,4.14,71677133.6974
2023-08-18,82771207.0,19.67,0.0624,89.7,2.19,74245772.679
2023-08-19,82876701.0,19.13,0.049,89.33,3.18,74033757.0033
2023-08-20,76207018.0,19.54,0.0547,86.44,1.9,65873346.3592
2023-08-21,79935361.0,21.06,0.0538,86.23,2.78,68928261.79030001
2023-08-22,81848574.0,18.17,0.0421,85.01,2.94,69579472.7574
2023-08-24,80319719.0,20.88,0.0647,85.34,4.58,68544848.1946
2023-08-25,79195224.0,20.51,0.0591,85.09,2.66,67387216.10159999
2023-08-26,78809455.0,19.12,0.0657,86.55,1.07,68209583.3025
2023-08-27,77218677.0,20.32,0.0586,86.37,4.45,66693771.32490001
2023-08-28,74965239.0,19.8,0.0568,86.22,1.7,64635029.065799996
2023-08-29,74794346.0,20.95,0.0382,88.18,3.49,65953654.30280001
2023-08-30,78097020.0,19.51,0.0529,87.36,1.1,68225556.67199999
2023-08-31,76360032.0,20.46,0.0554,86.57,2.6,66104879.7024
2023-09-01,75688775.0,22.06,0.0753,87.46,4.94,66197402.615
2023-09-02,74764577.0,20.01,0.0628,85.06,1.4,63594749.1962
2023-09-03,74650402.0,19.45,0.0714,87.21,2.69,65102615.584199995
2023-09-04,77004880.0,20.11,0.0621,87.25,2.23,67186757.8
2023-09-05,73892692.0,19.01,0.0491,83.89,4.62,61988579.3188
2023-09-06,71535011.0,21.76,0.0575,88.84,4.48,63551703.7724
2023-09-07,75360232.0,19.54,0.0588,85.03,1.95,64078805.269600004
2023-09-08,73120781.0,19.08,0.0471,86.93,1.32,63563894.923300005
2023-09-09,73252742.0,18.5,0.0528,89.03,3.51,65216916.2026
2023-09-10,76066322.0,20.43,0.0546,88.5,2.35,67318694.97
2023-09-11,72473052.0,20.19,0.0729,86.67,3.69,62812394.168400005
2023-09-12,72757330.0,18.81,0.0361,85.82,1.13,62440340.60599999
2023-09-13,69487678.0,19.88,0.0691,88.39,1.53,61420158.5842
2023-09-14,71074514.0,17.78,0.0477,87.8,3.75,62403423.291999996
2023-09-15,72402989.0,19.46,0.0435,85.16,1.85,61658385.432399996
2023-09-16,67745020.0,19.72,0.0691,84.76,4.43,57420678.95200001
2023-09-17,70931026.0,20.97,0.0647,82.15,1.23,58269837.859000005
2023-09-18,70406217.0,18.48,0.0701,86.55,1.86,60936580.813499995
2023-09-19,69964229.0,17.96,0.0656,86.03,4.99,60190226.2087
2023-09-20,71634704.0,18.33,0.0783,88.42,2.73,63339405.27680001
2023-09-21,69909699.0,17.88,0.0634,86.81,3.81,60688609.701900005
2023-09-22,71879097.0,20.55,0.0563,88.71,1.73,63763946.948699996
2023-09-23,66619592.0,20.75,0.0614,84.6,3.44,56360174.831999995
2023-09-24,68564117.0,19.51,0.0705,88.22,3.9,60487264.0174
2023-09-25,68148368.0,20.4,0.0504,84.84,2.26,57817075.4112
2023-09-27,69271335.0,19.06,0.0553,82.88,3.41,57412082.44799999
2023-09-28,71700219.0,18.82,0.0375,86.22,2.56,61819928.8218
2023-09-29,66710625.0,18.83,0.06,81.73,3.23,54522593.8125
2023-09-30,67450072.0,17.58,0.0398,85.11,3.31,57406756.2792
2023-10-01,66306081.0,19.38,0.0593,86.48,1.66,57341498.8488
2023-10-02,64408501.0,19.07,0.0676,84.5,2.61,54425183.345
2023-10-03,61894380.0,19.84,0.0542,83.39,2.37,51613723.482
2023-10-04,63826181.0,19.18,0.0759,87.14,2.6,55618134.1234
2023-10-05,62157228.0,18.92,0.0446,85.19,4.04,52951742.533199996
2023-10-06,68054345.0,18.2,0.0712,84.37,2.93,57417450.8765
2023-10-07,64122491.0,19.13,0.0662,85.38,4.76,54747782.815799996
2023-10-08,63369006.0,19.79,0.0423,90.52,2.17,57361624.2312
2023-10-09,65548844.0,17.9,0.0867,87.5,2.66,57355238.5
2023-10-10,61238275.0,19.12,0.0591,87.47,4.15,53565119.1425
2023-10-11,61660831.0,19.25,0.051,85.97,3.18,53009816.41069999
2023-10-12,63045020.0,18.29,0.0458,85.38,3.19,53827838.076
2023-10-13,64682256.0,18.41,0.0578,80.2,1.21,51875169.312
2023-10-14,63345449.0,19.22,0.0588,83.59,2.59,52950460.8191
2023-10-15,62557602.0,17.85,0.0612,83.93,2.08,52504595.358600006
2023-10-16,61937562.0,19.32,0.0573,81.1,5.0,50231362.782
2023-10-17,62303670.0,18.06,0.0667,82.48,2.23,51388067.016
2023-10-18,61629864.0,20.01,0.0566,80.78,4.54,49784604.1392
2023-10-19,58891455.0,21.28,0.0413,84.62,3.7,49833949.221
2023-10-20,60769873.0,18.07,0.0592,86.28,2.36,52432246.4244
2023-10-21,58258118.0,19.45,0.0371,86.81,3.17,50573872.2358
2023-10-22,60296901.0,18.18,0.0644,85.37,4.36,51475464.3837
2023-10-23,58904132.0,19.94,0.0512,82.57,4.53,48637141.792399995
2023-10-24,64676327.0,17.62,0.0627,80.58,1.64,52116184.2966
2023-10-25,59251349.0,19.36,0.0744,80.88,2.36,47922491.0712
2023-10-26,56257662.0,18.0,0.0518,81.81,2.34,46024393.2822
2023-10-27,58534207.0,18.65,0.072,82.52,1.17,48302427.616399996
2023-10-28,59579128.0,17.82,0.0572,83.92,3.39,49998804.2176
2023-10-29,61626389.0,19.66,0.0791,82.17,4.42,50638403.8413
2023-10-30,56841409.0,17.99,0.0581,84.82,2.53,48212883.11379999
2023-10-31,54597506.0,19.37,0.0534,83.63,3.96,45659894.267799996
2023-11-01,59139471.0,18.46,0.0688,84.07,3.51,49718553.26969999
2023-11-02,54489416.0,18.68,0.0577,86.27,2.5,47008019.183199994
2023-11-03,56124493.0,18.94,0.0537,81.58,1.56,45786361.3894
2023-11-04,56229120.0,18.02,0.0574,84.73,3.84,47642933.376
2023-11-05,56354012.0,18.98,0.0619,83.82,4.42,47235932.858399995
2023-11-06,57621879.0,20.29,0.0758,83.13,3.74,47901068.01269999
2023-11-07,29751193.203235593,17.97,0.0432,85.51,1.07,25440245.308086757
2023-11-08,55200667.0,19.91,0.0628,85.45,1.86,47168969.951500006
2023-11-09,55473876.0,20.23,0.069,81.75,1.28,45349893.63
2023-11-10,55557231.0,17.9,0.0647,83.23,3.28,46240283.3613
2023-11-11,55210627.0,17.25,0.076,84.11,4.03,46437658.3697
2023-11-12,55645235.0,19.0,0.0623,82.95,1.44,46157722.4325
2023-11-13,56220461.0,18.14,0.0613,84.61,4.35,47568132.0521
2023-11-14,55078909.0,20.55,0.0691,83.96,3.22,46244251.99639999
2023-11-15,54962964.0,18.7,0.0643,87.01,3.76,47823274.9764
2023-11-16,50654786.0,17.86,0.0595,80.23,4.89,40640334.8078
2023-11-17,53684409.0,17.5,0.0687,83.0,1.33,44558059.47
2023-11-18,54308964.0,19.73,0.0571,81.38,4.6,44196634.9032
2023-11-19,54575095.0,18.06,0.0576,84.35,1.5,46034092.6325
2023-11-20,51501036.0,18.66,0.0585,79.86,2.57,41128727.3496
2023-11-21,51337440.0,19.56,0.0774,83.74,4.41,42989972.256
2023-11-22,51278348.0,18.11,0.0318,81.73,4.63,41909793.82040001
2023-11-23,53271650.0,18.54,0.0681,81.47,3.03,43400413.255
2023-11-24,54040095.0,18.56,0.0646,80.0,3.38,43232076.0
2023-11-25,50932154.0,19.25,0.0475,81.91,3.83,41718527.3414
2023-11-26,53338964.0,19.15,0.0675,84.96,4.33,45316783.814399995
2023-11-27,51547183.0,18.33,0.0693,82.69,1.49,42624365.6227
2023-11-28,50830048.0,18.6,0.0705,83.95,4.24,42671825.296000004
2023-11-29,50435454.0,18.16,0.0382,85.97,2.93,43359359.8038
2023-11-30,52132248.0,17.04,0.0785,83.12,2.8,43332324.5376
2023-12-01,51072178.0,18.77,0.0575,81.42,2.7,41582967.3276
2023-12-02,54755859.0,20.39,0.0719,83.43,3.04,45682813.16370001
2023-12-03,48284127.0,17.6,0.0725,81.35,4.78,39279137.3145
2023-12-04,50810324.0,17.71,0.0564,81.38,3.19,41349441.6712
2023-12-05,48502434.0,17.6,0.0719,79.3,4.81,38462430.162
2023-12-06,47610141.0,19.18,0.0616,84.14,1.72,40059172.6374
2023-12-07,49116020.0,18.9,0.0448,81.47,3.9,40014821.494
2023-12-08,49202651.0,18.28,0.0773,82.56,4.25,40621708.6656
2023-12-09,54555633.0,17.51,0.058,80.07,3.72,43682695.3431
2023-12-10,48143475.0,18.51,0.0573,82.96,3.43,39939826.85999999
2023-12-11,46045026.0,16.84,0.0619,80.52,3.26,37075454.9352
2023-12-12,48646153.0,18.54,0.0687,81.71,4.44,39748771.616299994
2023-12-13,43746723.0,19.26,0.0655,83.7,4.29,36616007.151
2023-12-14,47509081.0,17.13,0.0717,83.47,1.49,39655829.9107
2023-12-15,47523150.0,16.84,0.0529,81.8,4.39,38873936.7
2023-12-16,48879512.0,19.94,0.059,78.26,2.66,38253106.0912
2023-12-17,49037871.0,17.74,0.0654,87.73,2.01,43020924.2283
2023-12-18,45884899.0,19.47,0.0856,85.18,4.48,39084756.9682
2023-12-19,46393313.0,18.17,0.0656,83.09,2.73,38548203.7717
2023-12-20,44965889.0,18.16,0.0777,80.09,4.23,36013180.5001
2023-12-21,44046675.0,18.75,0.0673,81.31,2.05,35814351.4425
2023-12-22,46728334.0,17.41,0.0622,80.4,1.02,37569580.536000006
2023-12-23,43368188.0,18.42,0.0646,83.97,2.98,36416267.4636
2023-12-24,44893985.0,17.9,0.0655,81.92,1.4,36777152.512
2023-12-25,43541829.0,16.95,0.0734,79.77,4.02,34733316.9933
2023-12-26,46441535.0,18.6,0.0812,80.35,2.1,37315773.372499995
2023-12-27,48756069.0,17.98,0.0711,83.48,2.77,40701566.401200004
2023-12-28,42362117.0,18.08,0.0795,84.39,1.35,35749390.5363
2023-12-29,41072378.0,17.02,0.0581,84.2,2.15,34582942.276
2023-12-30,44342796.0,19.81,0.0637,82.61,4.13,36631583.7756
2023-12-31,44439148.0,19.08,0.0607,80.54,1.61,35791289.7992
2024-01-01,44661276.0,19.16,0.0712,74.51,3.59,33277116.747600004
2024-01-02,43148540.0,17.88,0.0645,81.54,4.67,35183319.516
2024-01-03,43458137.0,16.45,0.0755,80.89,3.72,35153287.0193
2024-01-04,44413679.0,20.12,0.059,81.12,4.24,36028376.4048
2024-01-05,45579766.0,18.1,0.0688,80.9,1.44,36874030.694
2024-01-06,39410049.0,17.4,0.0754,78.09,2.0,30775307.264100004
2024-01-07,42404502.0,18.55,0.048,81.81,4.58,34691123.0862
2024-01-08,43393221.0,19.3,0.0899,81.91,3.86,35543387.3211
2024-01-09,40953856.0,18.1,0.066,81.96,3.56,33565780.3776
2024-01-10,46077330.0,19.39,0.0487,82.43,3.66,37981543.119
2024-01-11,41170326.0,19.18,0.0706,81.7,2.66,33636156.342
2024-01-12,42185684.0,17.01,0.0695,79.62,1.18,33588241.60080001
2024-01-13,43208399.0,17.4,0.0684,80.25,4.14,34674740.1975
2024-01-14,40742830.0,19.03,0.0792,80.52,3.71,32806126.716
2024-01-15,38062251.0,15.35,0.0769,80.51,2.89,30643918.280100003
2024-01-16,40729035.0,17.9,0.0725,82.24,4.6,33495558.383999996
2024-01-17,43477115.0,16.61,0.0741,81.48,2.34,35425153.302
2024-01-18,40577273.0,17.55,0.0687,84.29,2.18,34202583.4117
2024-01-19,39391959.0,17.72,0.0876,84.5,4.49,33286205.355
2024-01-20,42770866.0,17.65,0.0551,80.2,4.19,34302234.532000005
2024-01-21,40093591.0,17.45,0.0714,72.32,3.06,28995685.0112
2024-01-22,39571360.0,16.89,0.0708,82.41,1.52,32610757.776
2024-01-23,40728049.0,20.27,0.0784,78.81,1.86,32097775.4169
2024-01-24,41809005.0,19.84,0.0619,78.24,3.62,32711365.512
2024-01-25,44870206.0,16.8,0.053,78.99,2.54,35442975.719399996
2024-01-26,41601428.0,19.53,0.0721,78.85,4.35,32802725.977999996
2024-01-27,42107710.0,17.54,0.0734,80.91,4.8,34069348.161
2024-01-28,38618066.0,18.06,0.0856,76.52,4.22,29550544.103199996
2024-01-29,37421119.0,17.85,0.0581,77.43,2.51,28975172.4417
2024-01-30,39441259.0,17.25,0.0825,80.23,4.15,31643722.095700003
2024-01-31,39375558.0,18.88,0.0947,80.74,2.41,31791825.529199995
2024-02-02,38502494.0,17.4,0.0583,77.82,1.13,29962640.8308
2024-02-03,39498954.0,16.56,0.0673,77.38,2.54,30564290.6052
2024-02-04,39269203.0,16.96,0.0716,78.28,4.61,30739932.108400002
2024-02-05,39405949.0,16.21,0.0772,79.72,1.96,31414422.542799998
2024-02-06,38829113.0,17.85,0.0657,82.16,1.83,31901999.2408
2024-02-07,37083826.0,16.63,0.0873,75.04,4.88,27827703.030400004
2024-02-08,36921548.0,17.55,0.0607,78.65,1.1,29038797.502000004
2024-02-09,35403793.0,19.18,0.0545,76.37,4.14,27037876.714100003
2024-02-10,41224430.0,19.0,0.0831,75.68,2.29,31198648.624
2024-02-11,37535798.0,17.76,0.0494,80.87,1.15,30355199.842600003
2024-02-12,36914037.0,17.69,0.0702,79.98,4.67,29523846.792600002
2024-02-13,35361829.0,19.65,0.1035,79.74,1.56,28197522.4446
2024-02-14,42947220.0,18.28,0.0723,80.63,3.21,34628343.486
2024-02-15,34786555.0,17.42,0.0613,77.78,2.1,27056982.479000002
2024-02-16,35933635.0,16.31,0.072,77.82,1.26,27963554.757
2024-02-17,37481933.0,18.12,0.0722,83.01,1.2,31113752.583300006
2024-02-18,37710417.0,18.55,0.0744,78.1,1.46,29451835.676999997
2024-02-19,38286388.0,17.08,0.0795,80.01,1.29,30632939.0388
2024-02-20,39847069.0,17.99,0.0626,78.5,4.04,31279949.165
2024-02-21,37106289.0,17.32,0.09,74.74,2.94,27733240.398599997
2024-02-22,33844821.0,17.49,0.0757,74.3,2.37,25146702.003
2024-02-23,35306686.0,15.18,0.0806,77.18,2.67,27249700.2548
2024-02-24,36300715.0,17.44,0.0671,80.4,4.72,29185774.86
2024-02-25,39686753.0,18.62,0.0864,79.81,4.64,31673997.569300003
2024-02-26,32620713.0,17.01,0.0711,80.02,3.86,26103094.5426
2024-02-27,37688270.0,17.68,0.0765,76.16,4.54,28703386.431999996
2024-02-28,35510502.0,16.86,0.0645,81.32,2.28,28877140.2264
2024-02-29,36694653.0,17.97,0.064,76.11,2.52,27928300.3983
2024-03-01,34684078.0,17.38,0.0809,78.41,3.45,27195785.5598
2024-03-02,33073032.0,16.65,0.0697,77.92,3.49,25770506.5344
2024-03-03,36130222.0,18.91,0.0657,77.54,2.93,28015374.138800003
2024-03-04,35808663.0,18.5,0.0679,80.52,2.6,28833135.447599996
2024-03-05,36315983.0,16.95,0.0814,76.38,4.94,27738147.8154
2024-03-06,34218066.0,18.05,0.0682,75.04,4.28,25677236.726400003
2024-03-07,32918572.0,18.07,0.0734,77.73,2.74,25587606.0156
2024-03-08,30874915.0,18.17,0.0749,76.84,3.91,23724284.686
2024-03-09,35506236.0,15.82,0.0557,84.34,2.08,29945959.4424
2024-03-10,34590992.0,18.51,0.0602,78.89,1.4,27288833.588800002
2024-03-11,31688092.0,16.93,0.0784,76.67,2.41,24295260.1364
2024-03-12,32419672.0,17.13,0.0678,75.33,2.61,24421738.9176
2024-03-13,32441176.0,20.12,0.0858,73.63,1.07,23886437.888799995
2024-03-14,30287309.0,17.77,0.085,75.29,4.26,22803314.9461
2024-03-15,31497203.0,17.07,0.0826,77.52,2.44,24416631.7656
2024-03-16,30744900.0,15.24,0.0937,80.09,3.32,24623590.41
2024-03-17,32068295.0,18.83,0.0748,79.43,1.3,25471846.718500003
2024-03-18,31297246.0,16.08,0.0822,77.6,1.7,24286662.895999998
2024-03-19,29402711.0,16.41,0.07,76.44,4.56,22475432.2884
2024-03-20,36584669.0,17.08,0.1004,77.57,3.43,28378727.7433
2024-03-21,34928024.0,18.81,0.0959,75.95,4.8,26527834.228
2024-03-22,30749039.0,18.16,0.0762,80.37,5.0,24713002.644300003
2024-03-23,32736735.0,17.22,0.0801,76.51,2.49,25046875.948500004
2024-03-24,32912311.0,17.68,0.0899,76.66,2.2,25230577.6126
2024-03-25,34345713.0,16.76,0.075,72.36,4.43,24852557.926799998
2024-03-26,30213160.0,17.49,0.07,76.35,4.99,23067747.66
2024-03-27,33922077.0,17.41,0.0854,78.36,3.52,26581339.537199996
2024-03-28,30530208.0,18.3,0.0775,74.5,4.18,22745004.96
2024-03-29,28843108.0,18.28,0.0787,75.09,4.13,21658289.7972
2024-03-30,32852575.0,17.8,0.0686,78.12,2.42,25664431.59
2024-03-31,33875939.0,16.93,0.0599,73.53,3.3,24908977.9467
2024-04-01,36361009.0,18.03,0.0795,78.55,4.33,28561572.5695
2024-04-02,28677155.0,17.19,0.0863,75.32,3.75,21599633.145999998
2024-04-03,32366501.0,16.19,0.0751,75.56,1.08,24456128.1556
2024-04-04,30041755.0,16.85,0.0918,74.04,2.35,22242915.402000003
2024-04-05,32321406.0,17.33,0.0705,76.99,1.58,24884250.4794
2024-04-06,27707673.0,18.15,0.0671,81.11,1.93,22473693.5703
2024-04-07,28017705.0,17.04,0.0771,77.7,4.62,21769756.785
2024-04-08,28886714.0,16.01,0.077,74.36,1.15,21480160.5304
2024-04-09,30492234.0,17.26,0.0856,78.31,1.88,23878468.4454
2024-04-10,28948605.0,17.31,0.0703,75.35,2.24,21812773.8675
2024-04-11,31445955.0,17.37,0.0918,78.68,3.47,24741677.394
2024-04-12,32079328.0,18.1,0.0979,77.5,3.14,24861479.2
2024-04-13,31122998.0,18.19,0.0779,69.95,1.87,21770537.101
2024-04-14,33060329.0,16.56,0.0909,73.78,1.66,24391910.736199997
2024-04-15,30553922.0,16.53,0.068,77.62,1.95,23715954.256400004
2024-04-16,27188593.0,16.1,0.0894,75.99,3.01,20660611.8207
2024-04-17,32249855.0,17.83,0.0892,73.59,2.08,23732668.294500005
2024-04-18,28214102.0,18.57,0.0875,74.32,4.79,20968720.606399998
2024-04-19,31147155.0,16.79,0.0788,71.72,2.86,22338739.566
2024-04-20,32376281.0,16.86,0.0495,75.31,1.24,24382577.221100003
2024-04-21,30045269.0,18.55,0.0727,79.86,3.92,23994151.823400002
2024-04-22,26043240.0,17.58,0.073,77.0,2.32,20053294.8
2024-04-23,27103378.0,17.5,0.0695,79.72,3.61,21606812.9416
2024-04-24,31490115.0,15.87,0.0807,77.05,2.12,24263133.6075
2024-04-25,28411779.0,17.73,0.0753,77.29,3.28,21959463.9891
2024-04-26,28815142.0,16.11,0.0714,79.13,4.09,22801421.8646
2024-04-27,30080184.0,15.89,0.0691,75.89,4.71,22827851.6376
2024-04-28,29862288.0,16.67,0.0727,74.71,2.04,22310115.3648
2024-04-29,28934912.0,16.42,0.0911,77.1,2.34,22308817.152
2024-04-30,27868207.0,16.78,0.0734,77.89,2.86,21706546.4323
2024-05-01,27568996.0,15.55,0.075,73.98,4.71,20395543.2408
2024-05-02,29819475.0,17.94,0.0757,73.44,4.61,21899422.44
2024-05-03,29120714.0,18.09,0.0837,75.11,1.36,21872568.2854
2024-05-04,27409422.0,15.01,0.085,76.45,1.53,20954503.119000003
2024-05-05,29999241.0,17.93,0.0501,76.33,2.98,22898420.6553
2024-05-06,27488486.0,16.13,0.0908,71.84,1.43,19747728.3424
2024-05-07,25955310.0,17.78,0.0951,78.46,2.38,20364536.226
2024-05-08,26053312.0,16.85,0.0703,73.3,1.59,19097077.696
2024-05-09,25526927.0,16.94,0.0712,74.0,3.54,18889925.98
2024-05-10,26853277.0,16.71,0.0765,72.68,4.8,19516961.7236
2024-05-11,29779765.0,18.1,0.0736,79.83,4.99,23773186.399499997
2024-05-12,25616874.0,15.64,0.0835,74.87,2.5,19179353.5638
2024-05-13,27519289.0,17.47,0.0619,72.63,3.4,19987259.6007
2024-05-14,25744755.0,17.96,0.0703,76.01,4.43,19568588.275500003
2024-05-15,26453832.0,17.56,0.0969,75.77,1.47,20044068.5064
2024-05-16,23871202.0,19.16,0.0723,73.81,3.76,17619334.196200002
2024-05-17,26367558.0,16.3,0.0942,75.82,2.64,19991882.475599997
2024-05-18,26339085.0,17.77,0.0854,72.43,1.82,19077399.2655
2024-05-19,27725444.0,16.7,0.0638,73.05,2.61,20253436.841999996
2024-05-20,27010310.0,18.03,0.0884,69.96,1.3,18896412.876
2024-05-21,24086348.0,16.78,0.081,71.29,3.78,17171157.4892
2024-05-22,28571416.0,16.39,0.0777,77.5,2.01,22142847.4
2024-05-23,26744012.0,18.07,0.0848,77.12,2.25,20624982.0544
2024-05-24,26641077.0,16.27,0.0872,73.92,1.48,19693084.1184
2024-05-25,26147305.0,15.33,0.0896,77.06,4.46,20149113.233
2024-05-26,25052026.0,16.22,0.0944,73.36,2.97,18378166.273599997
2024-05-27,26445507.0,17.35,0.0868,73.15,3.29,19344888.370500002
2024-05-28,26883929.0,18.11,0.0691,73.7,3.28,19813455.673
2024-05-29,22362295.0,16.82,0.0782,73.28,2.64,16387089.776
2024-05-31,25194307.0,15.33,0.0904,75.72,3.98,19077129.2604
2024-06-02,27940848.0,16.38,0.0973,74.76,1.42,20888577.964800004
2024-06-03,23936469.0,16.54,0.0859,75.35,3.84,18036129.3915
2024-06-04,24410221.0,16.73,0.0865,74.01,1.84,18066004.5621
2024-06-05,24307740.0,17.33,0.0833,71.24,2.23,17316833.976
2024-06-06,23656882.0,16.18,0.0664,70.43,2.9,16661541.992600001
2024-06-07,24493157.0,16.76,0.084,73.38,2.8,17973078.606599998
2024-06-08,26657189.0,16.56,0.096,72.69,3.83,19377110.6841
2024-06-09,22936427.0,15.67,0.078,73.16,3.49,16780289.9932
2024-06-10,25828697.0,16.47,0.0883,72.9,3.58,18829120.113
2024-06-11,21498689.0,16.43,0.0928,78.05,3.86,16779726.7645
2024-06-12,23709694.0,16.4,0.0752,70.17,2.17,16637092.2798
2024-06-13,24103719.0,16.59,0.0799,68.8,2.29,16583358.672
2024-06-14,28043192.0,16.62,0.0744,73.4,2.75,20583702.928000003
2024-06-15,24075088.0,16.1,0.0764,71.93,2.23,17317210.7984
2024-06-16,20153870.0,17.8,0.0719,73.26,4.94,14764725.162
2024-06-17,20490684.0,15.35,0.0758,73.75,4.26,15111879.45
2024-06-18,24489065.0,15.79,0.0991,75.1,1.66,18391287.814999998
2024-06-19,25581528.0,19.28,0.0759,69.47,1.02,17771487.5016
2024-06-20,25038314.0,15.45,0.0864,71.32,7.92,17857325.5448
2024-06-21,24556390.0,15.12,0.0802,73.24,8.19,17985100.036
2024-06-22,26480046.0,17.2,0.0971,73.87,7.53,19560809.980200004
2024-06-23,23011051.0,14.38,0.0985,76.67,8.29,17642572.8017
2024-06-24,25815186.0,16.21,0.0942,74.14,8.97,19139378.900399998
2024-06-25,20696891.0,18.58,0.0887,72.07,7.1,14916249.3437
2024-06-26,22087002.0,14.88,0.0834,70.35,8.77,15538205.906999998
2024-06-27,20219212.0,14.43,0.0739,70.95,8.12,14345530.914
2024-06-28,23220418.0,14.91,0.1054,70.85,7.5,16451666.152999999
2024-06-29,23614816.0,17.29,0.0784,73.29,8.91,17307298.6464
2024-06-30,23873185.0,17.51,0.0928,72.45,7.97,17296122.5325
2024-07-01,23706803.0,15.86,0.0968,69.23,7.66,16412219.7169
2024-07-02,21666393.0,17.05,0.0808,70.96,7.36,15374472.4728
2024-07-03,23079889.0,17.75,0.0968,73.54,7.49,16972950.3706
2024-07-04,20404753.0,18.13,0.0942,72.44,8.67,14781203.073199999
2024-07-05,26065783.0,16.09,0.1039,72.82,8.23,18981103.1806
2024-07-06,22672153.0,14.02,0.082,72.4,8.83,16414638.772
2024-07-07,22242113.0,15.5,0.074,74.83,7.46,16643773.1579
2024-07-08,26338642.0,15.88,0.0819,72.0,7.24,18963822.24
2024-07-09,20617539.0,16.04,0.0891,70.71,7.01,14578661.826899998
2024-07-10,20792523.0,16.1,0.0877,69.6,8.02,14471596.008
2024-07-11,20793312.0,17.4,0.0833,71.88,9.0,14946232.6656
2024-07-12,22792455.0,17.54,0.0682,66.45,8.39,15145586.3475
2024-07-13,23734293.0,16.08,0.0921,70.91,7.62,16829987.1663
2024-07-14,24293599.0,17.34,0.1073,70.82,8.75,17204726.8118
2024-07-15,27901840.0,16.59,0.0923,68.45,8.56,19098809.48
2024-07-16,18202967.0,16.29,0.0938,69.27,7.03,12609195.240899999
2024-07-17,23863665.0,17.12,0.0936,72.7,8.63,17348884.455
2024-07-18,21476673.0,16.28,0.0919,71.49,7.6,15353673.5277
2024-07-19,21363219.0,18.25,0.0974,71.18,1.51,15206339.284200002
2024-07-20,21241995.0,14.75,0.0921,71.54,3.18,15196523.223000001
2024-07-21,20609862.0,15.66,0.0851,71.07,4.43,14647428.9234
2024-07-22,25742683.0,16.04,0.0804,73.32,3.71,18874535.1756
2024-07-23,24004828.0,16.6,0.0859,71.03,2.18,17050629.3284
2024-07-24,22313593.0,17.41,0.0917,67.81,3.25,15130847.413300002
2024-07-25,24916564.0,16.11,0.0855,73.94,3.86,18423307.4216
2024-07-26,19137169.0,14.7,0.0919,71.37,3.91,13658197.5153
2024-07-27,19448873.0,16.96,0.0932,69.4,3.67,13497517.862
2024-07-28,17702762.0,16.86,0.0973,68.02,4.48,12041418.7124
2024-07-29,20608641.0,14.15,0.1019,71.27,4.48,14687778.4407
2024-07-30,22279996.0,16.08,0.0899,70.2,3.32,15640557.192
2024-07-31,22111798.0,14.49,0.0762,73.53,2.72,16258805.069400001
2024-08-01,22154599.0,15.4,0.0859,69.64,3.57,15428462.7436
2024-08-02,18983986.0,15.15,0.0899,68.61,4.27,13024912.7946
2024-08-03,23362942.0,16.86,0.0712,72.02,1.02,16825990.8284
2024-08-04,22186768.0,16.15,0.1035,72.03,4.97,15981128.9904
2024-08-05,23124847.0,14.74,0.0912,70.47,1.73,16296079.6809
2024-08-06,17824783.0,16.9,0.0937,71.43,2.88,12732242.4969
2024-08-07,22185200.0,14.57,0.1036,69.95,4.49,15518547.4
2024-08-08,19138938.0,16.33,0.0837,70.45,1.9,13483381.821000002
2024-08-09,20672411.0,15.17,0.0959,72.26,2.91,14937884.188600002
2024-08-10,22488713.0,15.61,0.0891,71.13,1.53,15996221.556899998
2024-08-11,21555431.0,16.47,0.0885,69.49,2.58,14978869.001899999
2024-08-12,19623758.0,16.48,0.0827,72.48,1.71,14223299.798400002
2024-08-13,21293310.0,17.28,0.1072,65.0,2.45,13840651.5
2024-08-14,18171948.0,15.85,0.0869,73.78,2.49,13407263.2344
2024-08-15,23490138.0,16.23,0.0977,66.22,4.97,15555169.383599998
2024-08-16,20733945.0,15.48,0.0721,68.33,4.98,14167504.6185
2024-08-17,23336849.0,16.09,0.1027,69.45,1.46,16207441.6305
2024-08-18,20002245.0,16.34,0.1016,69.19,3.9,13839553.315499999
2024-08-19,19964037.0,15.79,0.0921,71.44,1.21,14262308.0328
2024-08-20,19439016.0,14.07,0.089,67.26,1.12,13074682.161600001
2024-08-21,22676258.0,16.2,0.0953,69.85,1.42,15839366.213
2024-08-22,19461884.0,16.22,0.1143,68.12,4.86,13257435.380800001
2024-08-23,22127089.0,15.17,0.0739,69.82,4.76,15449133.539799998
2024-08-24,20030460.0,14.55,0.0995,69.05,1.78,13831032.63
2024-08-25,16801216.0,17.3,0.0826,69.32,1.65,11646602.9312
2024-08-26,19570604.0,16.31,0.0916,67.98,1.96,13304096.599200001
2024-08-27,18311414.0,15.58,0.0895,68.01,3.06,12453592.661400001
2024-08-28,20696142.0,14.66,0.0878,69.55,3.28,14394166.761
2024-08-29,18206533.0,14.96,0.092,70.82,1.89,12893866.670599999
2024-08-30,22398615.0,17.08,0.0809,67.68,4.03,15159382.632000001
2024-08-31,20324133.0,15.9,0.1026,67.09,2.24,13635460.8297
2024-09-01,20111014.0,15.21,0.0745,70.01,4.69,14079720.901400002
2024-09-02,21738211.0,16.26,0.0979,68.66,3.63,14925455.6726
2024-09-03,22314761.0,14.92,0.0894,70.34,2.75,15696202.8874
2024-09-04,20307566.0,17.23,0.081,66.82,4.16,13569515.6012
2024-09-05,18766475.0,17.07,0.0949,65.02,4.27,12201962.045
2024-09-06,16722343.0,15.24,0.0774,67.46,2.16,11280892.5878
2024-09-07,18859882.0,15.07,0.0934,66.95,2.36,12626690.999000002
2024-09-08,18959548.0,13.07,0.0789,68.27,4.74,12943683.4196
2024-09-09,20370367.0,14.19,0.0979,67.1,1.66,13668516.256999997
2024-09-10,19428527.0,14.33,0.0841,69.81,1.17,13563054.698700001
2024-09-11,21457541.0,15.79,0.0889,67.7,2.82,14526755.257000001
2024-09-12,18818849.0,15.32,0.0965,68.53,4.2,12896557.219700001
2024-09-13,19894158.0,14.29,0.0859,68.49,4.09,13625508.814199999
2024-09-14,22339922.0,15.34,0.0932,68.52,4.68,15307314.554399999
2024-09-15,20619586.0,16.12,0.0787,68.03,3.13,14027504.3558
2024-09-16,19780129.0,16.13,0.1003,69.05,1.4,13658179.0745
2024-09-17,18660861.0,13.7,0.1117,66.39,3.35,12388945.617899999
2024-09-18,18563110.0,15.46,0.1221,70.73,4.11,13129687.703000002
2024-09-19,18093445.0,14.19,0.0952,67.4,1.37,12194981.93
2024-09-20,18678031.0,16.47,0.1022,65.2,1.69,12178076.212000001
2024-09-21,21237022.0,16.34,0.0766,68.15,1.05,14473030.493000003
2024-09-22,19247831.0,14.65,0.1096,66.03,3.37,12709342.8093
2024-09-23,16958249.0,14.77,0.1024,69.01,4.55,11702887.6349
2024-09-24,23160590.0,15.06,0.0899,72.05,3.68,16687205.095
2024-09-25,20230905.0,13.26,0.1072,66.0,4.93,13352397.3
2024-09-26,16744078.0,15.84,0.0924,68.19,1.25,11417786.788199998
2024-09-27,18641521.0,15.22,0.0905,63.97,4.61,11924980.9837
2024-09-28,19714510.0,16.46,0.0999,68.34,4.26,13472896.134000001
2024-09-29,22869701.0,14.38,0.0846,65.61,2.26,15004810.8261
2024-09-30,17212333.0,14.85,0.1056,66.08,4.89,11373909.646399999
2024-10-01,21348939.0,13.95,0.0849,65.07,2.15,13891754.607299998
2024-10-02,22164389.0,14.44,0.085,68.69,4.56,15224718.8041
2024-10-03,18076923.0,14.25,0.0865,69.19,4.52,12507423.023699999
2024-10-04,18748276.0,16.42,0.1033,67.17,4.03,12593216.989200002
2024-10-05,17200010.0,14.72,0.0897,65.35,3.25,11240206.535
2024-10-06,18835284.0,15.53,0.0825,70.21,1.48,13224252.896399999
2024-10-07,19138857.0,15.01,0.09,65.48,3.13,12532123.563600002
2024-10-08,20501418.0,14.12,0.0958,62.6,2.43,12833887.668
2024-10-09,21332815.0,15.21,0.0844,67.79,4.17,14461515.288500002
2024-10-10,17626834.0,15.96,0.0848,64.62,4.03,11390460.130800001
2024-10-11,15159201.0,14.15,0.1176,68.75,4.64,10421950.6875
2024-10-12,19022433.0,16.15,0.0879,65.96,1.06,12547196.806799999
2024-10-13,19623312.0,14.49,0.0934,67.88,4.24,13320304.1856
2024-10-14,19506631.0,14.84,0.0931,69.43,4.75,13543453.903300002
2024-10-15,18326249.0,15.85,0.0926,64.16,4.16,11758121.358399998
2024-10-16,19201141.0,14.64,0.1032,65.39,1.52,12555626.0999
2024-10-17,21954807.0,15.33,0.1065,66.33,1.33,14562623.483099999
2024-10-18,19659904.0,14.97,0.0941,69.5,1.08,13663633.28
2024-10-19,18122455.0,15.4,0.0849,65.06,3.51,11790469.223
2024-10-20,17841788.0,12.88,0.1101,65.14,3.52,11622140.7032
2024-10-21,18475706.0,13.43,0.0965,67.23,4.95,12421217.143800002
2024-10-22,22062351.0,15.86,0.1149,65.07,2.59,14355971.795699999
2024-10-23,18395963.0,16.27,0.0752,66.48,2.33,12229636.2024
2024-10-24,18696899.0,14.31,0.0997,63.02,3.5,11782785.7498
2024-10-25,17746015.0,14.97,0.117,70.5,4.3,12510940.575
2024-10-26,20882992.0,15.5,0.0944,63.33,4.75,13225198.8336
2024-10-27,22579311.0,15.89,0.0958,65.33,4.21,14751063.8763
2024-10-28,19535700.0,13.16,0.1011,65.86,2.71,12866212.02
2024-10-29,18775083.0,14.29,0.0927,69.7,3.54,13086232.851000002
2024-10-30,18658391.0,14.83,0.0952,63.18,4.43,11788371.433799999
2024-10-31,13791723.0,15.86,0.0951,69.74,2.96,9618347.6202
2024-11-01,20026371.0,17.64,0.0923,67.24,1.87,13465731.860399999
2024-11-02,18780357.0,14.91,0.1109,66.51,1.68,12490815.440700002
2024-11-03,19344883.0,13.72,0.1034,63.66,1.0,12314952.5178
2024-11-04,17041667.0,15.52,0.1014,66.72,3.87,11370200.2224
2024-11-05,17672289.0,16.43,0.107,64.08,1.44,11324402.791199999
2024-11-06,17595981.0,15.2,0.0964,68.01,1.98,11967026.678100001
2024-11-07,20438320.0,14.18,0.0914,63.48,2.19,12974245.535999998
2024-11-08,17614813.0,16.03,0.0932,65.15,3.24,11476050.6695
2024-11-09,22515124.0,15.73,0.0994,64.21,2.59,14456961.1204
2024-11-10,19189213.0,14.03,0.0889,63.3,3.7,12146771.828999998
2024-11-11,15754018.0,15.43,0.0945,66.71,1.22,10509505.407799998
2024-11-12,18026396.0,16.03,0.0945,66.25,1.5,11942487.35
2024-11-13,16958453.0,16.21,0.121,67.54,3.0,11453739.156200001
2024-11-14,13851562.0,14.95,0.0721,61.52,2.35,8521480.942400001
2024-11-15,21417999.0,14.65,0.0982,67.15,2.18,14382186.3285
2024-11-16,19604278.0,16.22,0.1173,69.99,1.27,13721034.172199998
2024-11-17,19243549.0,13.77,0.1014,64.02,4.58,12319720.0698
2024-11-18,18487288.0,15.41,0.1078,68.67,3.77,12695220.6696
2024-11-19,15371994.0,13.59,0.1013,64.3,1.49,9884192.141999999
2024-11-20,17148545.0,16.02,0.0938,62.03,1.26,10637242.4635
2024-11-21,19779293.0,14.69,0.0781,64.11,4.9,12680504.7423
2024-11-22,15973443.0,16.2,0.1027,66.77,3.72,10665467.891099999
2024-11-23,12992695.0,15.42,0.093,62.95,2.67,8178901.5025
2024-11-24,17582571.0,13.69,0.0928,63.37,3.81,11142075.2427
2024-11-25,17734014.0,16.33,0.096,65.71,4.03,11653020.599399999
2024-11-26,18269598.0,16.45,0.1185,64.48,4.12,11780236.7904
2024-11-27,19436645.0,15.77,0.1252,65.59,2.91,12748495.4555
2024-11-28,19236151.0,14.11,0.1034,64.85,2.72,12474643.9235
2024-11-29,18460003.0,14.56,0.0967,65.28,1.04,12050689.9584
2024-11-30,20315243.0,15.0,0.0897,63.41,4.71,12881895.586299999
2024-12-01,14868149.0,14.14,0.1062,64.69,3.41,9618205.5881
2024-12-02,18897350.0,16.53,0.1195,62.32,1.81,11776828.52
2024-12-03,19123550.0,14.97,0.0993,66.7,4.68,12755407.85
2024-12-04,15373825.0,12.11,0.0781,62.81,4.66,9656299.4825
2024-12-05,14829871.0,15.14,0.1087,66.28,4.96,9829238.4988
2024-12-06,16326578.0,14.45,0.1119,63.51,4.5,10369009.6878
2024-12-07,16478415.0,14.71,0.0863,64.33,4.99,10600564.3695
2024-12-08,19291557.0,14.41,0.104,62.88,1.98,12130531.0416
2024-12-09,16539044.0,15.57,0.1069,61.79,4.37,10219475.2876
2024-12-10,16039011.0,15.87,0.1017,60.28,4.29,9668315.8308
2024-12-11,16512209.0,15.03,0.0946,61.61,1.92,10173171.9649
2024-12-12,19956690.0,14.4,0.1128,63.03,1.39,12578701.707
2024-12-13,17729642.0,14.68,0.0987,64.05,4.92,11355835.701
2024-12-14,17329362.0,14.73,0.088,65.59,2.18,11366328.535800003
2024-12-15,17452340.0,13.9,0.0825,62.63,4.48,10930400.542000001
2024-12-16,20241136.0,15.27,0.1157,61.71,1.02,12490805.0256
2024-12-17,16143512.0,15.14,0.1093,60.54,1.08,9773282.1648
2024-12-18,20257889.0,16.22,0.1041,64.33,2.86,13031899.9937
2024-12-19,18033056.0,15.92,0.099,66.09,1.95,11918046.7104
2024-12-20,17276590.0,13.97,0.0982,65.81,3.76,11369723.879
2024-12-21,22584768.0,15.46,0.0928,64.64,3.26,14598794.0352
2024-12-22,15457398.0,13.68,0.0993,64.45,1.31,9962293.011
2024-12-23,16847187.0,15.32,0.0826,66.52,1.65,11206748.7924
2024-12-24,15075748.0,14.1,0.0965,63.74,2.55,9609281.7752
2024-12-25,19431756.0,13.58,0.1008,64.32,1.74,12498505.459199999
2024-12-26,20891600.0,14.87,0.1102,62.33,4.17,13021734.28
2024-12-27,20839626.0,11.91,0.1038,60.2,2.66,12545454.852
2024-12-28,19934403.0,12.82,0.1122,61.51,1.37,12261651.2853
2024-12-29,17078157.0,14.39,0.1178,62.8,2.94,10725082.595999999
2024-12-30,16729972.0,14.64,0.115,62.89,1.36,10521479.390800001
2024-12-31,14105336.0,14.18,0.1093,66.58,1.52,9391332.7088
2025-01-01,21506808.0,12.96,0.1048,62.84,1.96,13514878.1472
2025-01-02,18360565.0,13.71,0.0949,64.98,4.44,11930695.137
2025-01-03,16426406.0,14.91,0.1123,61.7,4.7,10135092.502
2025-01-04,20054305.0,15.09,0.1218,61.9,4.31,12413614.795
2025-01-05,15440694.0,14.48,0.1085,59.81,2.34,9235079.0814
2025-01-06,18187659.0,15.64,0.1243,60.94,2.09,11083559.3946
2025-01-07,17017507.0,14.87,0.09,63.43,3.2,10794204.6901
2025-01-08,18628629.0,13.72,0.0938,62.34,3.89,11613087.3186
2025-01-09,17212793.0,14.17,0.114,64.16,4.97,11043727.988799999
2025-01-10,14426907.0,13.04,0.1082,62.58,1.53,9028358.4006
2025-01-11,17468894.0,14.33,0.1188,61.47,1.2,10738129.141800001
2025-01-12,19404603.0,15.54,0.1056,66.42,3.78,12888537.3126
2025-01-13,17237730.0,15.1,0.0972,61.88,4.33,10666707.324000001
2025-01-14,18835834.0,15.81,0.1038,64.35,4.39,12120859.178999998
2025-01-15,15184138.0,14.09,0.0907,61.17,3.71,9288137.2146
2025-01-17,16005818.0,14.18,0.116,63.73,3.04,10200507.8114
2025-01-18,18738848.0,15.84,0.1151,62.24,4.66,11663058.9952
2025-01-19,17298066.0,14.33,0.1101,57.06,4.87,9870276.4596
2025-01-20,18605576.0,15.05,0.0893,61.76,4.39,11490803.7376
2025-01-21,19391343.0,15.81,0.1031,64.13,2.24,12435668.265899999
2025-01-22,18589801.0,14.13,0.0945,62.68,1.78,11652087.266800001
2025-01-23,17743588.0,14.53,0.1186,62.46,3.19,11082645.0648
2025-01-24,15191861.0,15.59,0.1011,58.08,2.81,8823432.8688
2025-01-25,17173792.0,14.16,0.0962,60.03,4.51,10309427.3376
2025-01-26,16104407.0,12.96,0.1075,62.24,1.4,10023382.9168
2025-01-27,16473827.0,16.42,0.1009,62.19,2.03,10245073.0113
2025-01-28,16404397.0,13.79,0.1222,63.75,4.01,10457803.0875
2025-01-29,15185267.0,14.41,0.1001,60.98,1.38,9259975.8166
2025-01-30,13222235.0,15.4,0.0936,62.03,2.28,8201752.370500001
2025-01-31,15792562.0,13.63,0.0861,61.2,2.55,9665047.944
2025-02-01,17507682.0,13.22,0.1074,59.15,3.49,10355793.902999999
2025-02-02,14416784.0,14.47,0.1022,56.56,1.63,8154133.0304000005
2025-02-03,17136856.0,12.41,0.0937,61.88,4.44,10604286.492800001
2025-02-04,20898520.0,13.91,0.12,61.32,2.79,12814972.464000002
2025-02-05,19136726.0,14.43,0.1148,59.68,4.67,11420798.0768
2025-02-06,20370462.0,13.9,0.108,57.63,2.87,11739497.250599999
2025-02-07,17858537.0,12.62,0.122,62.08,2.1,11086579.7696
2025-02-08,19404338.0,15.75,0.1151,60.24,1.57,11689173.2112
2025-02-10,15767116.0,15.57,0.0983,64.4,3.13,10154022.704000002
2025-02-11,11570956.0,13.86,0.1169,56.34,1.43,6519076.610400001
2025-02-12,19415100.0,13.23,0.1128,59.17,2.57,11487914.67
2025-02-13,20117161.0,14.37,0.1107,60.1,3.36,12090413.761000002
2025-02-14,15923995.0,13.88,0.1006,63.38,2.1,10092628.031
2025-02-15,16516412.0,12.91,0.1152,57.15,1.7,9439129.457999999
2025-02-16,15510688.0,15.54,0.1017,64.24,4.1,9964065.971199999
2025-02-17,17777945.0,13.44,0.1083,60.59,4.79,10771656.8755
2025-02-18,19256858.0,12.21,0.1239,60.08,1.4,11569520.286399998
2025-02-19,13515932.0,15.37,0.103,59.82,1.62,8085230.5224
2025-02-20,17814963.0,13.53,0.0939,59.3,4.84,10564273.059
2025-02-21,16437480.0,13.42,0.0992,62.22,1.15,10227400.056
2025-02-22,17212475.0,12.25,0.1198,57.93,4.91,9971186.7675
2025-02-23,17898664.0,15.74,0.1125,60.71,1.02,10866278.9144
2025-02-24,16599385.0,12.7,0.1088,59.2,4.49,9826835.92
2025-02-25,16763854.0,14.04,0.1051,58.4,2.23,9790090.736
2025-02-26,16538640.0,14.89,0.1151,65.04,4.75,10756731.456000002
2025-02-27,18902508.0,14.39,0.1019,60.66,2.27,11466261.3528
2025-02-28,17795003.0,13.89,0.1135,61.0,3.62,10854951.83
2025-03-01,17394380.0,12.24,0.1032,62.0,1.32,10784515.6
2025-03-02,14407160.0,13.12,0.1017,56.83,1.97,8187589.028
2025-03-03,16187875.0,14.11,0.1044,63.12,4.09,10217786.7
2025-03-04,18738465.0,13.13,0.1071,54.55,3.11,10221832.6575
2025-03-05,17012731.0,14.11,0.1105,57.98,4.71,9863981.4338
2025-03-06,18252730.0,14.58,0.1134,58.55,2.72,10686973.415
2025-03-07,20463139.0,14.85,0.0743,60.58,4.48,12396569.606199998
2025-03-08,19003893.0,12.65,0.1032,59.81,2.8,11366228.403300002
2025-03-09,17109681.0,16.06,0.1074,58.99,4.92,10093000.8219
2025-03-10,15898185.0,14.62,0.1265,59.25,4.84,9419674.6125
2025-03-11,11809980.0,13.84,0.1008,57.26,2.32,6762394.5479999995
2025-03-12,16577340.0,14.92,0.1133,56.17,4.54,9311491.878
2025-03-13,16259230.0,16.19,0.1267,60.57,4.39,9848215.611
2025-03-14,17689247.0,12.38,0.0987,60.46,1.84,10694918.7362
2025-03-15,16598078.0,13.58,0.1159,62.19,3.5,10322344.7082
2025-03-16,16262604.0,11.42,0.104,57.39,1.29,9333108.435600001
2025-03-17,13342176.0,13.98,0.1071,60.3,4.35,8045332.128
2025-03-18,15018749.0,14.14,0.1042,58.3,1.7,8755930.667
2025-03-19,17849809.0,13.72,0.105,61.2,1.28,10924083.108
2025-03-20,20326255.0,13.1,0.1397,60.81,2.6,12360395.6655
2025-03-21,16697432.0,11.69,0.121,59.14,3.31,9874861.2848
2025-03-22,17546258.0,14.11,0.1237,57.99,4.42,10175075.0142
2025-03-23,18793854.0,15.18,0.1177,60.54,4.9,11377799.2116
2025-03-24,15265481.0,13.12,0.0968,59.86,2.76,9137916.9266
2025-03-25,17619376.0,14.14,0.1169,57.15,1.24,10069473.384
2025-03-26,15403354.0,12.13,0.1238,55.81,4.0,8596611.8674
2025-03-27,18612676.0,14.14,0.1046,57.84,3.26,10765571.798400002
2025-03-28,17184634.0,13.28,0.1229,61.4,2.79,10551365.276
2025-03-29,17477637.0,12.9,0.1204,60.61,2.24,10593195.785699999
2025-03-30,15314547.0,12.89,0.132,56.04,3.01,8582272.1388
2025-03-31,18292926.0,13.25,0.1094,55.88,2.35,10222087.048799999
2025-04-01,21047507.0,14.02,0.1027,60.72,4.03,12780046.2504
2025-04-02,14861582.0,12.31,0.1101,55.85,3.18,8300193.547
2025-04-03,16197315.0,13.22,0.1282,59.09,4.51,9570993.4335
2025-04-04,17339579.0,13.56,0.0957,56.79,3.17,9847146.914099999
2025-04-05,18448809.0,12.49,0.0934,61.2,1.95,11290671.108
2025-04-06,15756639.0,15.38,0.1151,56.38,4.4,8883593.0682
2025-04-07,11209506.0,12.72,0.1098,60.15,3.23,6742517.859
2025-04-08,19593883.0,12.89,0.1144,58.19,1.83,11401680.5177
2025-04-09,18396553.0,12.58,0.1239,58.27,3.49,10719671.4331
2025-04-10,13389782.0,15.34,0.109,53.78,2.43,7201024.7596
2025-04-11,15660776.0,14.09,0.0959,53.26,4.38,8340929.2976
2025-04-12,20012613.0,12.59,0.1352,57.18,2.81,11443212.1134
2025-04-13,19772274.0,14.62,0.1049,58.06,3.91,11479782.284400001
2025-04-14,18754492.0,13.7,0.1044,55.27,1.38,10365607.7284
2025-04-15,16525615.0,13.75,0.1261,55.29,2.58,9137012.5335
2025-04-16,17044539.0,13.14,0.1113,58.54,4.93,9977873.1306
2025-04-17,16617534.0,12.72,0.1146,58.49,4.23,9719595.6366
2025-04-18,19136782.0,13.8,0.1202,57.04,1.64,10915620.4528
2025-04-19,15129630.0,12.91,0.1263,58.83,2.11,8900761.329
2025-04-20,15270823.0,15.26,0.1122,54.87,2.32,8379100.5801
2025-04-21,18904173.0,12.16,0.1309,56.46,3.6,10673296.0758
2025-04-22,16796197.0,14.96,0.0944,60.41,4.03,10146582.6077
2025-04-23,19643244.0,13.3,0.1235,57.2,4.0,11235935.568
2025-04-24,15544767.0,13.7,0.1076,57.27,3.04,8902488.0609
2025-04-25,16779809.0,14.23,0.1298,61.58,4.24,10333006.3822
2025-04-26,15046207.0,12.75,0.1176,54.12,2.75,8143007.228399999
2025-04-27,16907517.0,14.24,0.1095,58.46,1.5,9884134.4382
2025-04-28,13937547.0,10.66,0.123,60.14,3.26,8382040.7658
2025-04-29,15921314.0,12.63,0.1254,56.12,4.81,8935041.4168
2025-04-30,14026104.0,12.42,0.123,58.44,4.17,8196855.1776
2025-05-01,18288579.0,12.08,0.1064,54.7,3.31,10003852.713000001
2025-05-02,18336121.0,13.11,0.1119,55.24,3.59,10128873.240400001
2025-05-03,13444715.0,13.7,0.1168,57.34,4.72,7709199.581
2025-05-04,19575399.0,14.01,0.1166,58.11,2.71,11375264.358900001
2025-05-05,21904933.0,13.53,0.1246,58.71,2.33,12860386.1643
2025-05-06,17004679.0,12.62,0.097,59.56,4.91,10127986.8124
2025-05-07,15633087.0,13.64,0.1206,56.23,4.45,8790484.8201
2025-05-08,22566714.0,13.39,0.1145,58.7,2.29,13246661.117999999
2025-05-09,14282938.0,14.19,0.1091,55.58,2.86,7938456.9404
2025-05-10,16963997.0,14.02,0.1101,58.02,2.66,9842511.0594
2025-05-11,17286023.0,13.26,0.1155,56.58,1.6,9780431.813399998
2025-05-12,19620153.0,12.33,0.0818,57.01,4.83,11185449.2253
2025-05-13,17652499.0,12.56,0.1109,56.91,2.62,10046037.1809
2025-05-14,15939002.0,12.65,0.1092,52.81,4.5,8417386.9562
2025-05-15,15037232.0,12.88,0.1234,53.72,1.76,8078001.0304
2025-05-16,16259373.0,13.45,0.1101,56.12,3.19,9124760.1276
2025-05-17,14932659.0,13.89,0.1161,52.49,1.1,7838152.709100001
2025-05-18,17045745.0,13.11,0.1338,57.48,4.06,9797894.226
2025-05-19,15825365.0,13.17,0.1284,57.51,3.32,9101167.4115
2025-05-20,13969426.0,13.29,0.1276,56.37,3.5,7874565.4362
2025-05-21,19471618.0,12.62,0.1137,53.42,1.21,10401738.3356
2025-05-22,15969888.0,12.2,0.01,58.38,1.84,9323220.614400001
2025-05-23,14432946.0,11.36,0.1165,59.64,1.3,8607808.9944
2025-05-24,16636768.0,12.41,0.117,55.81,2.16,9284980.220800001
2025-05-25,17114176.0,13.57,0.1232,56.49,3.51,9667798.0224
2025-05-26,13488725.0,12.38,0.1132,55.82,3.26,7529406.295
2025-05-27,17649258.0,12.84,0.1342,56.43,3.45,9959476.2894
2025-05-28,14896031.0,13.53,0.1178,55.08,3.2,8204733.8748
2025-05-29,20416864.0,13.57,0.1257,55.2,2.09,11270108.928
2025-05-30,18047267.0,11.96,0.1341,57.03,1.98,10292356.370099999
2025-05-31,16204162.0,14.03,0.13,59.86,1.55,9699811.3732
2025-06-01,15518319.0,14.15,0.1057,52.31,4.4,8117632.6689
2025-06-02,16803488.0,11.88,0.1243,54.86,3.47,9218393.5168
2025-06-03,18243851.0,12.18,0.1285,52.65,1.75,9605387.5515
2025-06-04,16972202.0,14.18,0.129,58.15,1.71,9869335.463
2025-06-05,16593870.0,12.84,0.109,53.74,4.49,8917545.738
2025-06-06,17150000.0,10.75,0.1137,51.98,3.97,8914570.0
2025-06-07,15830688.0,11.56,0.1303,56.09,3.64,8879432.8992
2025-06-08,16357214.0,12.7,0.1129,58.25,2.63,9528077.155
2025-06-09,12877336.0,11.78,0.1176,56.04,2.05,7216459.0944
2025-06-10,19001741.0,12.52,0.1364,55.07,4.92,10464258.7687
2025-06-11,17657325.0,12.96,0.1203,55.43,4.19,9787455.2475
2025-06-12,15518332.0,14.38,0.1136,57.39,2.21,8905970.7348
2025-06-13,20868300.0,12.61,0.1122,52.77,4.39,11012201.91
2025-06-14,17250521.0,13.97,0.1244,54.24,4.04,9356682.590400001
2025-06-15,15009931.0,14.31,0.1078,53.51,2.19,8031814.0781
2025-06-16,18801495.0,14.31,0.1188,52.03,2.71,9782417.8485
2025-06-17,17889989.0,13.15,0.1247,53.66,1.74,9599768.097399998
2025-06-18,17888995.0,10.89,0.1345,56.48,1.44,10103704.375999998
2025-06-19,16254338.0,13.3,0.1282,55.35,3.89,8996776.083
2025-06-20,18012923.0,13.88,0.1145,55.45,2.07,9988165.8035
2025-06-21,16594568.0,12.74,0.1336,54.41,4.28,9029104.4488
2025-06-22,18236190.0,14.56,0.1189,55.11,4.98,10049964.309
2025-06-23,13320709.0,13.66,0.1096,52.41,1.31,6981383.5868999995
2025-06-24,16269211.0,13.36,0.1204,53.34,2.89,8677997.1474
2025-06-25,20587695.0,13.87,0.1366,54.3,4.21,11179118.385
2025-06-26,15615746.0,13.11,0.1239,54.42,4.16,8498088.9732
2025-06-27,15948767.0,10.27,0.1225,54.45,4.04,8684103.6315
2025-06-28,16267151.0,12.25,0.1388,53.49,2.4,8701299.0699
2025-06-29,14740159.0,13.94,0.1083,52.96,2.82,7806388.2064
2025-06-30,12759973.0,11.93,0.1098,59.98,3.38,7653431.8054
2025-07-01,16722192.0,12.5,0.1066,55.43,4.9,9269111.0256
2025-07-02,17461979.0,11.67,0.1266,54.39,2.31,9497570.3781
2025-07-03,17092212.0,14.49,0.1246,53.05,4.69,9067418.465999998
2025-07-04,16914491.0,14.37,0.1385,52.56,2.08,8890256.4696
2025-07-05,17297421.0,11.8,0.1256,53.15,4.96,9193579.2615
2025-07-06,19264178.0,12.82,0.1192,53.95,3.68,10393024.031
2025-07-07,16844823.0,11.98,0.1234,49.55,2.85,8346609.7965
2025-07-08,16084834.0,13.27,0.1247,50.12,3.45,8061718.800799999
2025-07-09,16678096.0,13.15,0.1069,51.94,2.09,8662603.0624
2025-07-10,18406451.0,13.44,0.1508,53.58,2.1,9862176.445799999
2025-07-11,20079285.0,12.95,0.129,52.63,1.45,10567727.695500001
2025-07-12,16006480.0,15.55,0.126,56.02,1.46,8966830.096
2025-07-13,17468234.0,11.57,0.1301,50.05,2.39,8742851.116999999
2025-07-14,17954742.0,10.88,0.1312,51.46,4.05,9239510.2332
2025-07-15,15300593.0,12.19,0.1228,55.95,3.43,8560681.7835
2025-07-16,17334368.0,11.0,0.118,53.13,1.41,9209749.7184
2025-07-17,14370030.0,11.07,0.1304,54.58,4.41,7843162.374
2025-07-18,13771183.0,11.55,0.1283,56.87,3.41,7831671.772099999
2025-07-19,18050743.0,11.62,0.1165,51.33,4.84,9265446.3819
2025-07-20,16557527.0,11.58,0.1389,52.46,3.68,8686078.6642
2025-07-21,17737923.0,13.04,0.1277,52.07,1.7,9236136.5061
2025-07-22,17305719.0,12.01,0.1322,48.65,2.9,8419232.2935
2025-07-23,15396913.0,12.32,0.1389,51.89,3.59,7989458.155700001
2025-07-24,17267469.0,13.39,0.1253,54.22,1.11,9362421.6918
2025-07-25,14900098.0,11.72,0.1283,53.49,1.06,7970062.4202
2025-07-26,20156626.0,12.21,0.1334,53.6,1.52,10803951.536000002
2025-07-27,14671180.0,12.83,0.1181,51.56,2.01,7564460.408000001
2025-07-28,17000047.0,10.51,0.126,50.95,2.72,8661523.946500001
2025-07-29,15315629.0,10.06,0.1268,54.75,2.95,8385306.8775
2025-07-30,18549627.0,12.78,0.1161,51.17,1.55,9491844.1359
2025-07-31,16754591.0,12.91,0.149,52.7,3.69,8829669.457
2025-08-01,16388845.0,14.48,0.1118,52.39,3.38,8586115.895499999
2025-08-02,19141364.0,12.56,0.113,54.94,2.18,10516265.3816
2025-08-03,17502660.0,13.21,0.1392,53.9,1.05,9433933.74
2025-08-04,18485981.0,12.19,0.1333,49.32,1.31,9117285.8292
2025-08-05,15498990.0,12.67,0.116,49.49,2.57,7670450.151000001
2025-08-06,14661013.0,14.03,0.1324,52.97,1.62,7765938.5861
2025-08-07,17694122.0,10.23,0.1412,51.63,2.51,9135475.1886
2025-08-08,16851128.0,12.76,0.1263,50.8,3.51,8560373.024
2025-08-09,18750859.0,14.47,0.1527,53.69,3.19,10067336.197099999
2025-08-10,17347395.0,12.6,0.1095,51.99,1.92,9018910.660500001
2025-08-11,17926640.0,13.96,0.1338,51.67,2.38,9262694.888
2025-08-12,14279055.0,11.67,0.1386,53.07,3.46,7577894.4885
2025-08-13,21312077.0,12.26,0.136,50.71,4.44,10807354.2467
2025-08-14,17216156.0,12.32,0.1251,54.55,4.01,9391413.098
2025-08-15,18949304.0,10.05,0.1244,49.79,3.21,9434858.4616
2025-08-16,15891489.0,11.09,0.1318,52.63,2.45,8363690.660700001
2025-08-17,18189287.0,11.16,0.1356,54.13,2.46,9845861.053100001
2025-08-18,14977225.0,13.06,0.1336,48.46,4.52,7257963.235
2025-08-19,18496748.0,13.1,0.1381,50.47,1.16,9335308.715599999
2025-08-20,16890414.0,12.55,0.1176,53.4,4.95,9019481.076
2025-08-21,17670545.0,13.04,0.1256,53.38,3.66,9432536.921
2025-08-22,19017964.0,12.04,0.1186,50.67,3.72,9636402.3588
2025-08-23,15166839.0,13.39,0.1242,49.49,1.15,7506068.6211
2025-08-24,16272890.0,12.19,0.1383,52.82,3.42,8595340.498
2025-08-25,18566525.0,12.23,0.1294,53.23,2.94,9882961.2575
2025-08-26,21858374.0,11.9,0.1544,48.48,1.42,10596939.7152
2025-08-28,18864460.0,11.72,0.1292,51.16,4.56,9651057.736
2025-08-29,17478447.0,13.11,0.1297,51.92,3.2,9074809.6824
2025-08-30,21587133.0,10.99,0.1224,50.01,2.65,10795725.213299999
2025-08-31,14218498.0,11.01,0.1283,51.92,1.29,7382244.161599999
2025-09-01,17912532.0,12.79,0.1403,49.09,3.86,8793261.958800001
2025-09-02,14482599.0,12.0,0.1302,46.23,3.81,6695305.5177
2025-09-03,12730989.0,11.63,0.1212,49.56,3.46,6309478.1484
2025-09-04,18349549.0,12.96,0.12,50.49,3.04,9264687.2901
2025-09-05,18044161.0,11.45,0.1249,49.76,2.74,8978774.5136
2025-09-06,17206079.0,11.85,0.1302,47.94,3.37,8248594.2726
2025-09-07,17574000.0,13.44,0.1415,46.58,1.93,8185969.2
2025-09-08,23993669.0,13.57,0.1163,49.13,4.77,11788089.5797
2025-09-09,17291448.0,13.59,0.1266,51.91,3.36,8975990.6568
2025-09-10,18838822.0,11.73,0.1313,52.57,2.24,9903568.725399999
2025-09-11,16530664.0,13.23,0.1116,52.39,2.8,8660414.8696
2025-09-12,18430726.0,11.04,0.1217,48.33,4.22,8907569.875799999
2025-09-13,17374706.0,11.08,0.1234,47.6,1.65,8270360.056
2025-09-14,17041094.0,9.62,0.1223,50.85,2.17,8665396.299
2025-09-15,21510931.0,13.63,0.1323,51.08,3.72,10987783.5548
2025-09-16,20238552.0,11.09,0.1289,50.56,2.26,10232611.8912
2025-09-17,18168769.0,11.82,0.125,45.68,4.17,8299493.679199999
2025-09-18,13297989.0,11.02,0.135,47.93,1.52,6373726.1277
2025-09-19,17195576.0,12.62,0.148,49.55,4.05,8520407.908
2025-09-20,23334876.0,11.54,0.1473,50.53,1.27,11791112.842799999
2025-09-21,17478767.0,10.6,0.1118,51.04,1.05,8921162.6768
2025-09-22,20157839.0,12.33,0.1369,49.75,4.59,10028524.9025
2025-09-23,20846646.0,10.45,0.1294,50.07,3.33,10437915.6522
2025-09-24,18412090.0,11.03,0.1328,49.53,2.41,9119508.177000001
2025-09-25,16301962.0,9.75,0.1274,50.68,1.93,8261834.3416
2025-09-26,13126467.0,10.43,0.1327,49.88,3.47,6547481.7396
2025-09-27,19376947.0,12.02,0.1331,49.34,3.04,9560585.6498
2025-09-28,16390679.0,9.87,0.1259,48.62,4.97,7969148.129799999
2025-09-29,18384106.0,10.34,0.1228,49.27,4.93,9057849.0262
2025-09-30,15543819.0,11.81,0.1274,50.03,3.54,7776572.6457
2025-10-01,17524682.0,11.26,0.1343,49.54,2.77,8681727.4628
2025-10-02,18134334.0,13.78,0.1381,49.72,2.96,9016390.8648
2025-10-03,18615863.0,13.62,0.1407,51.59,3.73,9603923.721700002
2025-10-04,15860853.0,10.9,0.1273,49.39,1.41,7833675.2967
2025-10-05,20496181.0,12.32,0.1352,47.51,2.31,9737735.5931
2025-10-06,16920472.0,12.5,0.1421,50.53,1.3,8549914.5016
2025-10-07,14777266.0,11.14,0.1442,45.98,1.29,6794586.906799999
2025-10-08,17920142.0,10.24,0.1321,46.5,1.78,8332866.03
2025-10-09,18218963.0,11.71,0.1306,49.28,2.94,8978304.9664
2025-10-10,18483455.0,11.54,0.1348,49.59,4.14,9165945.3345
2025-10-11,20898644.0,11.27,0.1215,46.02,2.94,9617555.9688
2025-10-12,17713625.0,12.13,0.1311,47.69,2.34,8447627.7625
2025-10-13,17959466.0,10.93,0.1406,47.2,1.33,8476867.952
2025-10-14,16004557.0,10.52,0.1397,47.39,3.2,7584559.5623
2025-10-15,19864294.0,11.77,0.1307,50.2,2.09,9971875.588000001
2025-10-16,18604104.0,12.04,0.1357,49.67,3.46,9240658.4568
2025-10-17,17407768.0,10.46,0.1253,48.17,4.91,8385321.845600001
2025-10-18,14450850.0,12.56,0.1407,47.07,1.45,6802015.095
2025-10-19,21161438.0,9.85,0.133,45.41,1.85,9609408.9958
2025-10-20,15829705.0,11.03,0.1311,50.9,2.89,8057319.845
2025-10-21,17114999.0,11.34,0.1304,49.19,4.87,8418868.0081
2025-10-22,19026772.0,10.96,0.1335,46.54,4.09,8855059.6888
2025-10-23,15929532.0,11.02,0.1297,49.35,4.59,7861224.042
2025-10-24,15348230.0,13.44,0.1409,47.72,2.33,7324175.356000001
2025-10-25,14099994.0,10.71,0.1304,47.23,4.97,6659427.1662
2025-10-26,19802559.0,13.99,0.1504,48.63,1.41,9629984.4417
2025-10-27,17282905.0,11.98,0.1492,46.22,1.21,7988158.691000001
2025-10-28,24240567.0,11.62,0.1258,46.97,4.42,11385794.3199
2025-10-29,16410102.0,12.0,0.1355,47.85,4.71,7852233.807
2025-10-30,16568732.0,14.04,0.1284,46.56,1.36,7714401.619200001
2025-10-31,17293705.0,10.51,0.1317,48.85,1.45,8447974.8925
2025-11-01,18923654.0,10.37,0.1551,51.2,1.13,9688910.848000001
2025-11-02,17509907.0,10.73,0.1321,45.9,1.42,8037047.312999999
2025-11-03,19687942.0,11.5,0.1389,44.03,1.84,8668600.8626
2025-11-04,16519100.0,9.74,0.1408,43.3,4.88,7152770.3
2025-11-05,15726128.0,11.47,0.1255,46.96,3.67,7384989.7088
2025-11-06,14905951.0,13.13,0.127,45.88,4.11,6838850.3188
2025-11-07,14068337.0,11.58,0.1236,47.57,4.1,6692307.9109000005
2025-11-08,17492486.0,11.13,0.1269,47.37,3.14,8286190.618199999
2025-11-09,17939836.0,10.79,0.1074,43.85,4.19,7866618.086
2025-11-10,17292130.0,12.3,0.1414,43.38,3.38,7501325.994000001
2025-11-11,21055056.0,10.57,0.1566,47.55,2.26,10011679.127999999
2025-11-12,21037580.0,13.23,0.1377,47.18,3.24,9925530.243999999
2025-11-13,17925223.0,13.3,0.1221,46.01,3.13,8247395.1023
2025-11-14,15020329.0,11.62,0.13,43.49,4.29,6532341.0821
2025-11-15,17488136.0,11.34,0.1319,47.7,4.93,8341840.872
2025-11-16,17435312.0,12.37,0.1264,49.25,2.64,8586891.16
2025-11-17,17334127.0,12.43,0.1453,47.21,4.05,8183441.356699999
2025-11-18,17266433.0,10.52,0.1449,44.91,1.4,7754355.0603
2025-11-19,17368453.0,10.78,0.1253,46.65,4.11,8102383.324499999
2025-11-20,17915835.0,9.98,0.1442,43.77,2.49,7841760.9795
2025-11-21,17431408.0,11.7,0.1524,48.57,1.16,8466434.865600001
2025-11-22,19132740.0,11.95,0.1562,46.57,2.45,8910117.018
2025-11-23,19450468.0,9.92,0.1659,42.82,3.44,8328690.3976
2025-11-24,16922109.0,10.81,0.1284,45.7,1.48,7733403.813000001
2025-11-25,21299230.0,9.9,0.1657,47.18,4.7,10048976.714
2025-11-26,16810706.0,10.34,0.134,45.54,1.31,7655595.5124
2025-11-27,15548992.0,11.78,0.1318,45.6,4.72,7090340.352000001
2025-11-28,19559944.0,10.49,0.1411,43.66,3.83,8539871.5504
2025-11-29,17177396.0,10.91,0.1321,47.19,2.32,8106013.1724000005
2025-11-30,19468652.0,9.57,0.142,44.71,2.56,8704434.3092
2025-12-01,14032618.0,11.38,0.1249,41.64,3.96,5843182.135199999
2025-12-02,21638785.0,11.14,0.1358,45.16,3.41,9772075.306
2025-12-03,20212408.0,10.44,0.1511,47.82,3.69,9665573.5056
2025-12-04,15880846.0,10.97,0.1378,45.03,2.56,7151144.9538
2025-12-05,15938253.0,11.33,0.1399,49.23,2.95,7846401.9519
2025-12-06,22254378.0,10.33,0.1433,46.56,4.96,10361638.3968
2025-12-07,17449155.0,9.65,0.1504,46.33,1.86,8084193.5115
2025-12-08,17269643.0,12.93,0.1222,45.35,2.67,7831783.100500001
2025-12-09,14420036.0,10.48,0.1447,45.42,2.17,6549580.3512
2025-12-10,18264741.0,11.0,0.1363,44.98,4.06,8215480.5018
2025-12-11,18525044.0,12.1,0.1408,44.85,4.06,8308482.234
2025-12-12,20425685.0,14.61,0.1498,46.47,2.17,9491815.8195
2025-12-13,16210786.0,9.83,0.1273,43.48,1.33,7048449.7528
2025-12-14,15982643.0,11.51,0.1293,43.15,1.05,6896510.454499999
2025-12-15,19939444.0,10.34,0.1201,43.01,2.71,8575954.8644
2025-12-16,21065309.0,10.5,0.1341,49.3,2.64,10385197.337
2025-12-17,15923903.0,10.31,0.153,46.22,4.95,7360027.9666
2025-12-18,21243623.0,9.9,0.1386,45.71,2.88,9710460.0733
2025-12-19,19170094.0,10.97,0.1265,42.94,2.03,8231638.3636
2025-12-20,21293064.0,9.53,0.1351,46.25,4.56,9848042.1
2025-12-21,18983484.0,11.94,0.1252,44.72,2.96,8489414.0448
2025-12-22,14093867.0,11.04,0.1289,45.33,3.4,6388749.9111
2025-12-23,18849015.0,11.39,0.1442,42.9,1.38,8086227.435
2025-12-24,21287791.0,10.49,0.1287,45.13,2.53,9607180.078300001
2025-12-25,17394592.0,10.58,0.1516,43.91,4.78,7637965.347199999
2025-12-26,18420763.0,11.23,0.1399,43.17,3.36,7952243.3871
2025-12-27,18859061.0,9.77,0.1415,46.12,2.38,8697798.9332
2025-12-28,13426962.0,10.56,0.138,41.53,3.5,5576217.3186
2025-12-29,22583374.0,10.05,0.1486,45.68,4.64,10316085.2432
2025-12-30,17452643.0,10.01,0.1488,45.87,2.1,8005527.344099999
2025-12-31,20281607.0,8.78,0.1444,42.7,3.02,8660246.189000001
2026-01-01,19111502.0,12.22,0.1468,42.76,4.83,8172078.2552
2026-01-02,21814937.0,10.18,0.1392,43.91,1.69,9578938.8367
2026-01-03,20126632.0,12.02,0.1468,44.87,3.88,9030819.778399998
2026-01-04,18859518.0,11.92,0.1381,43.95,3.46,8288758.161
2026-01-05,17557208.0,9.55,0.1416,45.07,3.72,7913033.6456
2026-01-06,20954838.0,9.74,0.1389,47.68,2.4,9991266.7584
2026-01-07,15627178.0,13.38,0.1372,43.09,2.26,6733751.000200001
2026-01-08,20680790.0,12.56,0.135,40.62,3.74,8400536.898
2026-01-09,17205895.0,10.77,0.1467,45.66,1.86,7856211.657
2026-01-10,21923551.0,11.05,0.1552,47.32,2.68,10374224.3332
2026-01-11,19756607.0,10.15,0.1539,44.69,1.75,8829227.6683
2026-01-12,20737306.0,11.2,0.1297,41.68,1.03,8643309.140800001
2026-01-13,19628110.0,10.04,0.1553,43.56,4.88,8550004.716
2026-01-14,15974477.0,8.72,0.1393,41.52,2.73,6632602.850400001
2026-01-15,17772897.0,9.42,0.1486,44.99,4.88,7996026.360300001
2026-01-16,20854282.0,10.75,0.1336,40.95,1.56,8539828.479
2026-01-17,19857988.0,9.59,0.1442,43.0,3.35,8538934.84
2026-01-18,21901852.0,10.64,0.146,41.54,1.8,9098029.320799999
2026-01-19,20361642.0,9.63,0.1281,43.76,4.16,8910254.5392
2026-01-20,17636934.0,9.91,0.1492,42.72,4.13,7534498.2048
2026-01-21,17993478.0,11.53,0.1567,43.76,1.45,7873945.9728
2026-01-22,19806734.0,10.92,0.1415,43.4,4.65,8596122.556
2026-01-23,14988127.0,10.65,0.157,41.33,1.78,6194592.889099999
2026-01-24,22978438.0,11.53,0.1416,44.51,3.45,10227702.7538
2026-01-25,20530410.0,11.12,0.1521,43.11,4.94,8850659.751
2026-01-26,22116372.0,12.08,0.1215,41.18,4.53,9107521.9896
2026-01-27,16516504.0,10.16,0.168,47.58,4.83,7858552.6032
2026-01-28,22182274.0,10.18,0.1588,44.01,2.37,9762418.7874
2026-01-29,24171597.0,9.3,0.1411,42.7,1.42,10321271.919000002
2026-01-30,17082320.0,10.16,0.1244,45.78,1.75,7820286.096
2026-01-31,21282381.0,11.55,0.1471,46.59,3.0,9915461.3079
2026-02-01,19757321.0,11.87,0.1299,42.56,4.17,8408715.8176
2026-02-02,16681778.0,11.52,0.1488,43.5,1.6,7256573.43
2026-02-03,20771982.0,8.76,0.1486,40.78,3.64,8470814.2596
2026-02-05,18615163.0,8.69,0.1559,42.25,2.36,7864906.3675
2026-02-06,22164884.0,11.42,0.1529,42.97,3.65,9524250.6548
2026-02-07,16515180.0,10.14,0.1547,43.22,2.87,7137860.796
2026-02-08,16874872.0,11.2,0.1451,43.62,4.25,7360819.1663999995
2026-02-09,20153279.0,9.16,0.1309,42.93,1.62,8651802.6747
2026-02-11,18478401.0,9.01,0.1426,40.48,1.26,7480056.724799999
2026-02-12,21546501.0,9.79,0.1315,41.21,1.78,8879313.0621
2026-02-13,21004886.0,9.45,0.159,41.69,3.62,8756936.973399999
2026-02-14,21675182.0,8.69,0.1666,44.3,4.42,9602105.625999998
2026-02-15,19728458.0,10.52,0.1453,39.83,2.01,7857844.8214
2026-02-16,21195740.0,12.23,0.1674,41.39,2.31,8772916.786
2026-02-17,19115148.0,13.08,0.1468,43.96,3.15,8403019.060800001
2026-02-18,24129976.0,10.5,0.1422,41.4,1.85,9989810.064
2026-02-19,18413157.0,11.51,0.1398,42.87,4.24,7893720.405899999
2026-02-20,24264775.0,10.61,0.1626,41.62,4.09,10098999.354999999
2026-02-21,20139907.0,10.87,0.1385,42.37,1.58,8533278.5959
2026-02-22,17335081.0,10.02,0.1537,41.34,2.86,7166322.485400001
2026-02-23,22838254.0,10.55,0.1409,43.09,4.1,9841003.6486
2026-02-24,20369910.0,10.88,0.142,38.61,2.35,7864822.251
2026-02-25,21836387.0,9.75,0.157,40.93,3.53,8937633.199099999
2026-02-26,22597903.0,10.24,0.143,42.19,1.2,9534055.2757
2026-02-27,20842174.0,10.25,0.1428,42.62,3.43,8882934.5588
2026-02-28,18997873.0,11.13,0.1583,44.49,1.61,8452153.6977
2026-03-01,22149892.0,9.22,0.1631,40.67,4.32,9008361.0764
2026-03-02,20216107.0,10.23,0.1536,44.36,2.42,8967865.0652
2026-03-03,21602462.0,12.18,0.1407,40.03,2.13,8647465.5386
2026-03-04,15939454.0,11.42,0.1423,43.96,4.36,7006983.9784
2026-03-05,21157067.0,11.6,0.1483,42.89,1.2,9074266.0363
2026-03-06,19002140.0,10.26,0.1508,39.37,2.59,7481142.517999999
2026-03-07,23602158.0,10.55,0.1378,41.77,2.48,9858621.3966
2026-03-08,21557959.0,11.22,0.155,41.0,2.14,8838763.19
2026-03-09,20807764.0,11.77,0.1488,42.3,4.65,8801684.171999998
2026-03-10,21316952.0,8.25,0.1308,40.55,4.0,8644024.035999998
2026-03-11,18363752.0,8.87,0.1388,40.34,1.26,7407937.5568
2026-03-12,23623468.0,11.49,0.1432,43.64,3.86,10309281.4352
2026-03-13,24376034.0,9.89,0.1476,40.65,3.11,9908857.821
2026-03-14,21195478.0,9.49,0.1673,42.45,4.6,8997480.411
2026-03-15,23606833.0,8.9,0.1509,40.3,2.25,9513553.699
2026-03-16,19304124.0,9.59,0.1402,44.03,3.3,8499605.7972
2026-03-17,18864605.0,8.73,0.1509,39.29,3.0,7411903.3045
2026-03-18,20557112.0,12.21,0.1453,39.37,2.96,8093334.994399999
2026-03-19,21361592.0,10.09,0.1521,43.6,2.82,9313654.112
2026-03-20,19720202.0,10.04,0.1548,39.61,1.82,7811172.012200001
2026-03-21,21600195.0,10.68,0.1612,43.65,4.02,9428485.1175
2026-03-22,21153939.0,11.04,0.149,42.18,2.81,8922731.4702
2026-03-23,18561065.0,11.02,0.1657,40.04,4.83,7431850.426
2026-03-24,21611801.0,11.13,0.1585,36.67,2.04,7925047.426700001
2026-03-25,22317825.0,9.42,0.1424,40.21,3.73,8973997.4325
2026-03-26,20950278.0,9.74,0.1717,40.4,4.76,8463912.311999999
2026-03-27,22929224.0,10.8,0.153,42.48,3.65,9740334.3552
2026-03-28,18205725.0,9.49,0.1414,43.28,4.49,7879437.78
2026-03-29,21593056.0,10.0,0.1664,38.68,4.31,8352194.0608
2026-03-30,18333233.0,10.4,0.1708,41.6,2.44,7626624.928
