date,dau,avg_session_duration_min,churn_rate,organic_traffic_pct,algorithm_efficiency_score,organic_dau_proxy
2018-01-01,12483570.0,47.8,0.0286,73.09,4.83,9124241.313000001
2018-01-02,10000000.0,46.9,0.0297,74.15,5.0,7415000.0
2018-01-03,13318844.0,45.22,0.0284,74.62,5.01,9938521.392800001
2018-01-04,17735993.0,43.86,0.0293,76.93,5.11,13644299.4149
2018-01-05,10000000.0,46.6,0.0262,75.62,4.74,7562000.0
2018-01-06,10000000.0,46.04,0.0304,73.74,5.14,7374000.0
2018-01-07,18139213.0,47.09,0.0299,75.58,4.49,13709617.1854
2018-01-08,14121418.0,46.62,0.0283,73.56,4.91,10387715.0808
2018-01-09,10000000.0,47.5,0.0312,76.2,4.94,7620000.0
2018-01-10,13079732.0,44.38,0.0317,74.66,5.17,9765327.9112
2018-01-11,10000000.0,48.14,0.0266,75.06,5.05,7506000.0
2018-01-12,10000000.0,45.95,0.0283,76.49,4.77,7649000.0
2018-01-13,11702022.0,49.75,0.0283,73.89,4.86,8646624.0558
2018-01-14,10000000.0,44.27,0.0279,73.8,5.1,7380000.0
2018-01-15,10000000.0,49.17,0.0314,74.63,5.05,7463000.0
2018-01-16,10000000.0,46.15,0.0294,76.26,4.95,7626000.0
2018-01-17,10000000.0,44.5,0.0292,73.72,4.98,7372000.0
2018-01-18,12275618.0,44.88,0.0257,72.42,5.22,8890002.5556
2018-01-19,10000000.0,45.26,0.031,74.82,4.98,7481999.999999999
2018-01-20,10000000.0,46.8,0.0272,75.84,5.07,7584000.0
2018-01-21,18161982.0,47.05,0.0298,76.5,5.52,13893916.23
2018-01-22,10000000.0,44.9,0.0302,74.85,4.81,7485000.0
2018-01-23,133810053.25325325,46.05,0.0324,74.92,4.73,100250491.89733735
2018-01-24,10000000.0,50.44,0.027,76.5,5.26,7650000.0
2018-01-25,10000000.0,49.66,0.0236,73.49,4.97,7349000.0
2018-01-26,11607428.0,47.12,0.03,74.99,5.05,8704410.257199999
2018-01-27,10000000.0,46.38,0.0332,75.58,4.96,7558000.0
2018-01-28,13020171.0,46.59,0.0321,75.85,5.07,9875799.703499999
2018-01-29,10000000.0,47.63,0.03,74.91,5.45,7491000.0
2018-01-30,10000000.0,44.41,0.0286,75.47,5.29,7547000.0
2018-01-31,10000000.0,45.99,0.0312,72.96,5.31,7295999.999999999
2018-02-01,20582954.0,43.21,0.0276,74.81,4.86,15398107.8874
2018-02-02,11299500.0,47.4,0.0305,75.93,4.91,8579710.350000001
2018-02-03,10000000.0,47.95,0.0305,74.51,4.58,7451000.0
2018-02-04,15571103.0,45.74,0.0316,75.57,4.99,11767082.537099998
2018-02-05,10000000.0,49.9,0.035,75.97,5.35,7597000.0
2018-02-06,12594823.0,44.35,0.0302,75.2,5.27,9471306.896
2018-02-07,10000000.0,43.92,0.0284,75.73,5.12,7573000.0
2018-02-08,10000000.0,47.35,0.0294,74.61,5.17,7461000.0
2018-02-09,12674393.0,49.05,0.0259,75.38,5.04,9553957.4434
2018-02-10,15429321.0,50.37,0.028,76.21,5.22,11758685.534099998
2018-02-11,12640918.0,46.13,0.0286,75.77,5.34,9578023.568599999
2018-02-12,11253114.0,49.26,0.0283,75.04,4.87,8444336.7456
2018-02-13,10373304.0,47.08,0.0297,75.87,5.25,7870225.7448
2018-02-14,10000000.0,46.86,0.0277,76.38,5.38,7638000.0
2018-02-15,10000000.0,49.02,0.0316,73.63,5.12,7363000.0
2018-02-16,10000000.0,48.61,0.0293,76.85,5.35,7685000.0
2018-02-17,17356217.0,44.2,0.0293,75.37,5.77,13081380.752899999
2018-02-18,13837125.0,50.36,0.0286,76.15,5.2,10536970.687500002
2018-02-19,10000000.0,50.21,0.0296,76.93,5.3,7693000.000000001
2018-02-20,13836892.0,46.25,0.0309,74.38,5.08,10291880.269599998
2018-02-21,10340074.0,48.34,0.0275,75.06,5.27,7761259.544400001
2018-02-22,10000000.0,48.59,0.0279,75.49,5.33,7549000.0
2018-02-23,15422483.0,48.17,0.0286,75.01,5.28,11568404.498300001
2018-02-24,17568705.0,46.6,0.0265,77.55,5.04,13624530.7275
2018-02-25,17119912.0,46.41,0.0275,74.97,5.29,12834798.026399998
2018-02-26,10000000.0,47.75,0.0282,75.29,5.54,7529000.000000001
2018-02-27,11017658.0,50.2,0.0309,76.06,5.35,8380030.6748
2018-02-28,14270443.0,48.99,0.0297,74.67,5.45,10655739.7881
2018-03-01,17542460.0,47.21,0.0295,75.49,5.22,13242803.053999998
2018-03-02,10319674.0,49.55,0.0308,76.22,5.42,7865655.522799999
2018-03-03,11838266.0,42.36,0.0288,75.58,5.33,8947361.4428
2018-03-04,10000000.0,50.4,0.0298,75.84,5.09,7584000.0
2018-03-05,10000000.0,44.67,0.0288,75.42,5.35,7542000.0
2018-03-06,16983467.0,47.48,0.0296,74.45,5.09,12644191.1815
2018-03-07,19753876.0,46.01,0.0279,76.3,5.17,15072207.388
2018-03-08,12664672.0,45.71,0.0241,77.75,5.34,9846782.48
2018-03-09,18094643.0,50.68,0.0287,76.02,5.36,13755547.608599998
2018-03-10,14937624.0,47.47,0.0318,76.25,5.07,11389938.3
2018-03-11,10000000.0,49.15,0.0308,76.73,5.52,7673000.0
2018-03-12,15041985.0,48.41,0.0309,74.78,5.43,11248396.383
2018-03-13,20978289.0,49.51,0.0314,77.77,5.18,16314815.3553
2018-03-14,13162288.0,48.76,0.0291,76.28,5.02,10040193.2864
2018-03-15,21218163.0,46.09,0.0293,77.73,5.3,16492878.0999
2018-03-16,10000000.0,50.7,0.0277,75.38,5.24,7538000.0
2018-03-17,17612154.0,47.77,0.0282,77.94,5.36,13726912.8276
2018-03-18,13992050.0,45.69,0.0301,76.92,5.27,10762684.86
2018-03-19,12116168.0,48.0,0.0313,76.71,4.95,9294312.4728
2018-03-20,14124618.0,51.91,0.0285,76.41,5.27,10792620.613799999
2018-03-21,10000000.0,50.65,0.0279,75.94,5.29,7594000.0
2018-03-22,12677330.0,48.31,0.0288,77.4,5.49,9812253.420000002
2018-03-23,15616520.0,48.36,0.03,76.36,5.23,11924774.672
2018-03-24,21275918.0,48.46,0.0259,74.26,5.71,15799496.7068
2018-03-25,11350810.0,53.31,0.0242,75.13,4.99,8527863.553
2018-03-26,10000000.0,49.97,0.0276,76.08,5.64,7608000.0
2018-03-27,11545473.0,50.11,0.0263,76.59,5.34,8842677.7707
2018-03-28,18687655.0,51.36,0.0277,76.23,5.56,14245599.4065
2018-03-29,15811012.0,49.83,0.0284,77.53,5.41,12258277.603600001
2018-03-30,11575295.0,48.89,0.0278,74.37,5.62,8608546.891500002
2018-03-31,16847500.0,49.06,0.0316,76.48,5.32,12884968.0
2018-04-01,14823847.0,49.36,0.0293,74.53,5.19,11048213.169100001
2018-04-02,19239211.0,49.48,0.0292,77.13,5.69,14839203.444299998
2018-04-03,10943478.0,51.06,0.0299,76.29,5.39,8348779.366200001
2018-04-04,12873421.0,49.76,0.0263,76.82,5.46,9889362.0122
2018-04-05,12609413.0,51.17,0.0307,75.55,5.67,9526411.521499999
2018-04-06,10000000.0,49.59,0.0284,77.71,5.22,7770999.999999999
2018-04-07,16167700.0,49.96,0.0299,77.48,5.55,12526733.96
2018-04-08,16051300.0,45.86,0.0264,77.04,5.32,12365921.52
2018-04-09,14830752.0,51.74,0.0254,76.34,5.42,11321796.0768
2018-04-10,13691648.0,50.65,0.0301,77.07,5.46,10552153.113599999
2018-04-11,10000000.0,52.0,0.0293,75.79,5.15,7579000.000000001
2018-04-12,12880871.0,44.26,0.0267,77.37,5.3,9965929.892700002
2018-04-13,13330641.0,54.28,0.0267,78.18,5.73,10421895.133800002
2018-04-14,11093186.0,49.88,0.0307,77.62,5.64,8610530.9732
2018-04-15,14358743.0,52.42,0.0261,75.83,5.46,10888234.8169
2018-04-16,17246269.0,48.18,0.0317,76.94,5.52,13269279.3686
2018-04-17,24718032.0,51.53,0.0266,75.3,5.42,18612678.096
2018-04-18,16221324.0,48.25,0.0297,77.18,5.75,12519617.863200001
2018-04-19,16697765.0,49.16,0.0277,77.07,5.45,12868967.4855
2018-04-20,15099609.0,54.28,0.0296,74.77,5.54,11289977.649299998
2018-04-21,10000000.0,50.12,0.0273,75.49,5.72,7549000.0
2018-04-22,15463665.0,50.99,0.028,76.38,5.34,11811147.327
2018-04-23,15959958.0,52.35,0.0284,76.38,5.82,12190215.9204
2018-04-24,28037841.0,51.65,0.0263,75.49,5.2,21165766.1709
2018-04-25,14822902.0,51.01,0.0298,77.1,5.84,11428457.441999998
2018-04-26,17355772.0,51.49,0.0272,76.98,5.44,13360473.285600001
2018-04-27,15738059.0,55.61,0.0278,76.55,5.47,12047484.1645
2018-04-28,10132066.0,50.74,0.0263,76.0,5.15,7700370.16
2018-04-29,21753664.0,51.31,0.0231,77.82,5.44,16928701.3248
2018-04-30,19863566.0,53.06,0.0278,78.44,5.33,15580981.1704
2018-05-01,20123670.0,53.22,0.033,76.32,5.42,15358384.943999998
2018-05-02,11686442.0,53.43,0.0298,76.2,5.52,8905068.804
2018-05-03,23312479.0,52.38,0.0281,77.32,5.74,18025208.762799997
2018-05-04,10000000.0,48.87,0.0276,76.49,5.6,7649000.0
2018-05-05,19363836.0,54.47,0.0282,76.72,5.62,14855934.9792
2018-05-06,27447744.0,48.96,0.0292,77.62,5.34,21304938.892800003
2018-05-07,11608965.0,51.91,0.0257,74.98,5.39,8704401.957
2018-05-08,13796604.0,49.85,0.0303,78.23,5.93,10793083.3092
2018-05-09,17193062.0,51.28,0.0295,76.99,5.43,13236938.433799999
2018-05-10,14244407.0,52.11,0.0295,76.53,5.91,10901244.6771
2018-05-11,10000000.0,52.15,0.0289,76.86,5.54,7686000.0
2018-05-12,17239367.0,52.4,0.0281,76.93,5.59,13262245.033100002
2018-05-13,11652823.0,54.83,0.0294,75.25,5.81,8768749.3075
2018-05-14,19400365.0,52.56,0.0292,78.49,5.85,15227346.488499999
2018-05-15,12503616.0,51.22,0.0273,77.05,5.58,9634036.127999999
2018-05-16,24919018.0,53.68,0.0268,77.47,5.53,19304763.2446
2018-05-17,13321964.0,54.19,0.0282,77.99,5.6,10389799.723599998
2018-05-18,15697083.0,49.4,0.031,76.04,5.68,11936061.913200002
2018-05-19,21444414.0,53.1,0.0254,77.55,5.8,16630143.057
2018-05-20,11292223.0,53.36,0.025,76.82,5.63,8674685.7086
2018-05-21,18653841.0,51.41,0.0282,77.95,5.75,14540669.059500001
2018-05-22,24122532.0,54.81,0.028,74.99,5.96,18089486.746799998
2018-05-23,10000000.0,51.81,0.0282,77.03,5.72,7703000.0
2018-05-24,18651388.0,52.41,0.0283,76.54,5.71,14275772.375200002
2018-05-25,19098759.0,51.86,0.0274,77.59,5.34,14818727.108100003
2018-05-26,21779871.0,52.29,0.0308,77.65,5.13,16912069.8315
2018-05-27,11757701.0,50.11,0.0246,76.48,5.74,8992289.7248
2018-05-28,11412157.0,49.48,0.0261,76.5,5.64,8730300.105
2018-05-29,20696422.0,55.6,0.0276,77.11,5.56,15959011.0042
2018-05-30,19644202.0,50.76,0.0245,76.34,5.72,14996383.8068
2018-05-31,19484599.0,50.52,0.0274,78.09,5.66,15215523.359100001
2018-06-01,20037523.0,48.25,0.0311,76.9,5.91,15408855.187
2018-06-02,14978600.0,51.33,0.0278,74.38,5.7,11141082.68
2018-06-03,19613728.0,50.01,0.0282,76.92,5.54,15086879.5776
2018-06-04,19991854.0,55.99,0.0252,76.27,5.89,15247787.045799999
2018-06-05,15029063.0,54.78,0.0264,75.7,5.65,11377000.691000002
2018-06-06,28004320.0,51.43,0.0269,76.1,5.81,21311287.519999996
2018-06-07,21119539.0,57.36,0.027,77.47,5.61,16361306.8633
2018-06-08,12869084.0,54.87,0.0302,78.7,5.58,10127969.108000001
2018-06-09,22183898.0,52.31,0.0287,77.7,5.73,17236888.746000003
2018-06-10,14103553.0,48.01,0.0254,76.8,5.72,10831528.703999998
2018-06-11,22988521.0,57.64,0.0281,77.87,5.82,17901161.3027
2018-06-12,24922517.0,50.33,0.0286,76.97,5.68,19182861.3349
2018-06-13,15102876.0,49.87,0.0298,76.75,5.37,11591457.33
2018-06-14,24100225.0,55.25,0.0307,76.31,5.65,18390881.6975
2018-06-15,21424614.0,58.14,0.0255,75.73,5.9,16224860.1822
2018-06-16,23548686.0,56.08,0.0259,77.1,5.69,18156036.906
2018-06-17,29000338.0,54.49,0.025,77.67,5.7,22524562.5246
2018-06-18,18367732.0,54.6,0.027,77.43,5.95,14222134.887600003
2018-06-19,15904607.0,55.17,0.0284,77.12,5.62,12265632.9184
2018-06-20,15304645.0,55.03,0.0294,76.61,5.46,11724888.534500001
2018-06-21,15752412.0,54.12,0.0273,78.18,5.74,12315235.7016
2018-06-22,19525520.0,53.82,0.0268,76.27,5.68,14892114.103999998
2018-06-23,21696672.0,53.53,0.0277,78.37,5.59,17003681.8464
2018-06-24,21454570.0,52.2,0.0257,76.61,5.75,16436346.077
2018-06-25,24287558.0,53.2,0.0316,76.88,5.89,18672274.5904
2018-06-26,20297500.0,50.42,0.0241,76.18,5.79,15462635.500000002
2018-06-27,27581335.0,53.66,0.0277,77.16,5.86,21281758.086
2018-06-28,19071879.0,51.93,0.0314,78.65,6.16,15000032.833500002
2018-06-29,34077835.0,51.75,0.0273,78.2,5.74,26648866.97
2018-06-30,23687480.0,54.37,0.0269,78.68,5.87,18637309.264000002
2018-07-01,16355840.0,56.84,0.0266,78.24,5.71,12796809.215999998
2018-07-02,15369980.0,55.95,0.0269,76.63,5.65,11778015.673999999
2018-07-03,23219952.0,51.02,0.03,77.42,5.71,17976886.838400003
2018-07-04,19773756.0,52.23,0.0228,76.98,5.73,15221837.368800001
2018-07-05,24544888.0,56.14,0.0303,79.11,5.91,19417460.8968
2018-07-06,23425226.0,52.34,0.0244,76.6,6.31,17943723.116
2018-07-07,20779383.0,53.91,0.0267,78.7,5.7,16353374.421000002
2018-07-08,16994387.0,55.51,0.0263,78.72,5.76,13377981.446399998
2018-07-09,13739288.0,52.52,0.0283,79.67,5.84,10946090.7496
2018-07-10,19166460.0,54.72,0.024,77.44,5.94,14842506.623999998
2018-07-11,25766883.0,51.89,0.0281,78.58,5.91,20247616.661399998
2018-07-12,22641555.0,53.41,0.0312,80.16,6.12,18149470.487999998
2018-07-13,15428937.0,55.3,0.0244,77.28,5.38,11923482.513600001
2018-07-14,22610426.0,51.52,0.0275,76.38,5.4,17269843.378799997
2018-07-15,23758348.0,55.64,0.0257,76.05,5.78,18068223.654
2018-07-16,17500064.0,54.77,0.0279,78.66,6.1,13765550.3424
2018-07-17,22775918.0,55.96,0.0271,76.07,5.57,17325640.822599996
2018-07-18,22386630.0,55.36,0.0257,77.6,5.29,17372024.88
2018-07-19,16469383.0,57.69,0.028,78.43,6.01,12916937.086900001
2018-07-20,24062175.0,55.26,0.0306,78.19,5.95,18814214.6325
2018-07-21,73100203.0,54.2,0.0266,78.44,5.69,57339799.2332
2018-07-22,27867575.0,55.35,0.0284,78.26,5.71,21809164.195
2018-07-23,27811408.0,56.25,0.0244,79.33,5.72,22062789.966399997
2018-07-24,15744492.0,55.31,0.025,77.11,5.94,12140577.7812
2018-07-25,18034517.0,55.34,0.0279,77.4,5.8,13958716.158000002
2018-07-26,25389987.0,53.91,0.0299,77.32,6.03,19631537.9484
2018-07-27,25475274.0,54.03,0.0276,78.94,5.36,20110181.2956
2018-07-28,25573483.0,52.61,0.0263,79.02,5.77,20208166.266599998
2018-07-29,42354172.0,58.96,0.0269,78.59,5.72,33286143.7748
2018-07-30,26037607.0,53.02,0.0243,79.34,5.89,20658237.3938
2018-07-31,28953994.0,54.17,0.028,76.99,5.84,22291679.9806
2018-08-01,28139559.0,54.17,0.0286,79.85,6.11,22469437.861499995
2018-08-02,26720266.0,57.45,0.0259,79.72,5.59,21301396.0552
2018-08-03,21981099.0,55.12,0.0258,78.95,5.97,17354077.6605
2018-08-04,27446805.0,58.26,0.0273,80.01,6.08,21960188.6805
2018-08-05,19882725.0,54.46,0.0259,76.59,6.34,15228179.0775
2018-08-06,22658031.0,56.42,0.0266,77.73,5.88,17612087.4963
2018-08-07,21510962.0,54.24,0.0309,77.54,6.05,16679599.9348
2018-08-08,24443189.0,60.25,0.0262,79.01,5.63,19312563.628900003
2018-08-09,35703536.0,53.64,0.026,77.25,5.51,27580981.56
2018-08-10,14890728.0,56.68,0.0254,79.08,6.16,11775587.7024
2018-08-11,27755555.0,57.38,0.0282,79.7,6.0,22121177.335
2018-08-12,16358264.0,56.99,0.0263,79.04,6.24,12929571.865600001
2018-08-13,22160166.0,55.84,0.0253,78.65,5.73,17428970.559
2018-08-14,30062952.0,56.0,0.0293,77.39,6.12,23265718.552800003
2018-08-15,25038368.0,56.4,0.0294,77.55,6.39,19417254.384
2018-08-16,19427410.0,56.07,0.0254,79.66,6.11,15475874.806
2018-08-17,21339178.0,58.34,0.0228,79.2,6.08,16900628.976
2018-08-18,28413648.0,60.88,0.0286,78.4,6.03,22276300.032
2018-08-19,21464189.0,55.4,0.0252,78.04,5.72,16750653.095600002
2018-08-20,26299082.0,53.82,0.0281,76.44,6.31,20103018.2808
2018-08-21,25545819.0,56.44,0.0226,77.41,5.92,19775018.4879
2018-08-22,22161534.0,61.82,0.0283,80.41,6.15,17820089.4894
2018-08-23,36241240.0,55.1,0.0241,77.23,5.74,27989109.652000003
2018-08-24,28793508.0,60.04,0.0279,78.72,5.82,22666249.497599997
2018-08-25,15601004.0,60.17,0.0265,79.55,6.35,12410598.682
2018-08-26,26762205.0,55.75,0.0245,77.3,6.0,20687184.465
2018-08-27,22624631.0,58.05,0.0256,78.76,6.36,17819159.375600003
2018-08-28,30299777.0,60.22,0.0278,79.53,6.06,24097412.6481
2018-08-29,22179470.0,56.25,0.0266,78.62,5.71,17437499.314
2018-08-30,25673274.0,56.65,0.0276,81.49,6.26,20921150.982599996
2018-08-31,28877196.0,55.95,0.0303,76.97,5.97,22226777.7612
2018-09-01,30786762.0,55.13,0.0232,79.71,6.23,24540127.990199998
2018-09-02,20562654.0,55.91,0.0296,78.49,6.1,16139627.124599999
2018-09-03,24998206.0,54.81,0.0265,79.45,5.79,19861074.667
2018-09-04,24402990.0,57.38,0.0245,79.14,6.14,19312526.286
2018-09-05,23618503.0,55.82,0.0236,77.98,6.55,18417708.6394
2018-09-06,35820285.0,57.88,0.0259,78.95,6.22,28280115.0075
2018-09-07,29126219.0,54.35,0.0281,76.88,6.11,22392237.1672
2018-09-08,20905622.0,58.17,0.026,79.36,6.34,16590701.6192
2018-09-09,31908519.0,59.23,0.0293,79.07,6.17,25230065.9733
2018-09-10,38039595.0,53.63,0.0233,79.42,6.18,30211046.349
2018-09-11,32701186.0,58.41,0.0262,79.86,5.92,26115167.1396
2018-09-12,20052497.0,60.17,0.0237,79.18,6.19,15877567.1246
2018-09-13,25339106.0,55.34,0.0269,78.98,6.36,20012825.9188
2018-09-14,34206207.0,61.16,0.0279,77.96,5.99,26667158.977199998
2018-09-15,24445126.0,58.7,0.0253,78.15,6.44,19103865.969
2018-09-16,30314841.0,56.5,0.0209,80.06,6.14,24270061.7046
2018-09-17,32081635.0,57.85,0.0265,80.33,5.99,25771177.395499997
2018-09-18,23686986.0,59.13,0.027,78.67,6.37,18634551.8862
2018-09-19,28137639.0,58.22,0.0269,78.96,6.12,22217479.7544
2018-09-20,12343012.0,59.19,0.0285,78.03,6.33,9631252.2636
2018-09-21,23541951.0,56.32,0.0239,80.12,6.13,18861811.141200002
2018-09-22,27516049.0,58.55,0.0274,79.63,6.18,21911029.8187
2018-09-23,22655436.0,55.44,0.0284,80.92,6.29,18332778.8112
2018-09-24,37172333.0,58.09,0.0224,78.12,6.26,29039026.5396
2018-09-25,21975960.0,56.56,0.0266,78.63,5.8,17279697.348
2018-09-26,27043302.0,56.94,0.025,79.26,5.98,21434521.165200002
2018-09-27,30014553.0,60.94,0.0258,79.69,6.4,23918597.285699997
2018-09-28,36685013.0,60.7,0.0266,78.84,6.19,28922464.2492
2018-09-29,22417605.0,59.78,0.025,78.2,6.12,17530567.11
2018-09-30,35531478.0,56.43,0.0246,79.97,5.95,28414522.9566
2018-10-01,29886045.0,58.03,0.026,79.82,6.01,23855041.118999995
2018-10-02,25047035.0,61.14,0.0237,78.2,5.83,19586781.37
2018-10-03,32385274.0,59.05,0.0237,80.48,6.22,26063668.5152
2018-10-04,31190716.0,63.45,0.0272,80.31,6.12,25049264.0196
2018-10-05,27315478.0,59.65,0.0235,79.29,6.05,21658442.506200004
2018-10-06,30787204.0,59.3,0.0272,79.25,6.24,24398859.17
2018-10-07,28633745.0,58.35,0.0267,79.74,6.33,22832548.262999997
2018-10-08,31250508.0,59.28,0.0223,78.34,6.68,24481647.967200004
2018-10-09,34116676.0,58.76,0.0244,79.25,5.96,27037465.73
2018-10-10,38859701.0,60.53,0.0282,77.08,6.5,29953057.5308
2018-10-11,24864630.0,61.08,0.0238,80.13,6.47,19924028.018999998
2018-10-12,41843463.0,57.64,0.0248,77.7,6.12,32512370.751
2018-10-13,21542945.0,56.6,0.0266,80.78,6.32,17402390.971
2018-10-14,30670049.0,55.64,0.0273,78.96,6.2,24217070.6904
2018-10-15,34496655.0,60.38,0.0252,79.1,6.33,27286854.105
2018-10-16,33086628.0,57.21,0.0245,78.7,6.6,26039176.235999998
2018-10-17,28695279.0,55.16,0.0285,79.05,6.42,22683618.0495
2018-10-18,30895783.0,60.29,0.0291,80.77,6.41,24954523.9291
2018-10-19,29599519.0,64.55,0.0276,76.88,6.22,22756110.2072
2018-10-20,29246344.0,59.6,0.0258,80.66,6.02,23590101.0704
2018-10-21,36570338.0,61.34,0.024,79.74,6.28,29161187.521199998
2018-10-22,34237083.0,59.88,0.0239,78.21,6.57,26776822.614299998
2018-10-23,29117656.0,59.57,0.0266,78.35,6.02,22813683.476
2018-10-24,37210924.0,61.65,0.0264,81.12,6.12,30185501.548800003
2018-10-25,34380668.0,59.28,0.0283,78.51,6.36,26992262.446800005
2018-10-26,37040253.0,60.45,0.0268,78.32,6.15,29009926.149599995
2018-10-27,36256387.0,60.61,0.0225,80.63,6.19,29233524.8381
2018-10-28,29096099.0,58.68,0.0276,79.84,6.27,23230325.441600002
2018-10-29,30573533.0,62.05,0.0235,78.58,6.08,24024682.231399998
2018-10-30,37244805.0,59.77,0.0247,79.75,6.17,29702731.9875
2018-10-31,36694625.0,58.65,0.026,78.52,6.51,28812619.55
2018-11-01,33673242.0,61.29,0.0294,80.67,6.11,27164204.321399998
2018-11-02,34499904.0,58.47,0.0316,80.64,6.05,27820722.5856
2018-11-03,40437653.0,60.37,0.0266,80.13,6.25,32402691.348899998
2018-11-04,31228078.0,60.35,0.025,79.97,6.53,24973093.9766
2018-11-05,37058577.0,62.59,0.0264,81.39,6.35,30161975.8203
2018-11-06,33449832.0,61.41,0.0271,79.64,6.3,26639446.2048
2018-11-07,33510647.0,60.47,0.0247,78.47,6.41,26295804.700900003
2018-11-08,40231750.0,62.2,0.0289,80.12,6.05,32233678.1
2018-11-09,39004317.0,63.4,0.0258,81.77,6.5,31893830.0109
2018-11-10,39084712.0,61.78,0.0263,78.68,6.49,30751851.401600003
2018-11-11,41685048.0,60.74,0.0266,79.35,6.33,33077085.587999996
2018-11-12,35403726.0,58.14,0.0261,80.15,6.62,28376086.389000002
2018-11-13,38850092.0,58.69,0.0269,79.69,6.2,30959638.3148
2018-11-14,34031181.0,60.26,0.024,78.78,6.65,26809764.391799998
2018-11-15,37346104.0,59.7,0.0241,80.9,6.46,30212998.136000004
2018-11-16,35217888.0,60.59,0.023,82.11,6.37,28917407.836799998
2018-11-17,36497489.0,61.13,0.0261,80.0,6.44,29197991.2
2018-11-18,39132778.0,62.13,0.0267,78.92,6.42,30883588.397600003
2018-11-19,32210952.0,60.98,0.0261,78.29,6.69,25217954.320800003
2018-11-20,46909637.0,62.14,0.0285,80.11,6.24,37579310.2007
2018-11-21,31563843.0,61.35,0.0251,80.97,6.31,25557243.6771
2018-11-22,30669803.0,57.32,0.0265,80.36,6.67,24646253.6908
2018-11-23,42678705.0,59.44,0.0229,79.89,6.35,34096017.424499996
2018-11-24,40994461.0,61.08,0.0243,79.32,6.65,32516806.465199996
2018-11-25,40305337.0,59.0,0.0265,78.83,6.82,31772697.1571
2018-11-26,40475651.0,62.67,0.0268,80.77,6.4,32692183.3127
2018-11-27,37422475.0,64.58,0.0245,80.87,6.62,30263555.5325
2018-11-28,33147823.0,64.0,0.0249,78.42,6.26,25994522.7966
2018-11-29,38164106.0,61.19,0.022,81.57,6.65,31130461.264199995
2018-11-30,34550870.0,64.65,0.0243,80.57,6.54,27837635.958999995
2018-12-01,42964480.0,62.01,0.0268,81.41,6.6,34977383.168
2018-12-02,37506408.0,61.09,0.0261,78.69,6.38,29513792.4552
2018-12-03,34267636.0,60.59,0.026,78.68,6.18,26961776.0048
2018-12-04,36942235.0,61.26,0.025,79.91,6.62,29520539.9885
2018-12-05,40768482.0,61.14,0.0249,80.58,6.11,32851242.7956
2018-12-06,36040483.0,62.31,0.0236,81.89,6.46,29513551.528699998
2018-12-07,34903908.0,62.34,0.0263,80.81,6.72,28205848.0548
2018-12-08,40389975.0,62.07,0.0257,79.88,6.57,32263512.03
2018-12-09,40553530.0,62.99,0.0258,79.11,6.93,32081897.583
2018-12-10,36951769.0,64.55,0.0238,81.38,6.75,30071349.6122
2018-12-11,37289714.0,64.12,0.0205,79.2,6.42,29533453.488
2018-12-12,40964212.0,59.3,0.027,81.81,6.56,33512821.8372
2018-12-13,32723235.0,57.21,0.0238,79.91,6.55,26149137.0885
2018-12-14,33086674.0,64.24,0.0231,81.8,6.25,27064899.332
2018-12-15,36692750.0,59.68,0.0262,80.9,6.38,29684434.75
2018-12-16,39379360.0,62.02,0.024,80.1,6.46,31542867.36
2018-12-17,42163406.0,60.18,0.0269,79.74,6.17,33621099.9444
2018-12-18,48148574.0,58.96,0.026,79.93,6.59,38485155.1982
2018-12-19,45223668.0,63.7,0.0261,80.71,6.54,36500022.4428
2018-12-20,40299912.0,64.19,0.022,80.38,6.26,32393069.2656
2018-12-21,41169416.0,61.56,0.0271,79.72,6.68,32820258.4352
2018-12-22,36417405.0,57.59,0.0252,80.16,6.74,29192191.847999997
2018-12-23,41503705.0,61.73,0.0239,80.42,6.65,33377279.561
2018-12-24,40319863.0,63.65,0.0249,78.23,6.54,31542228.8249
2018-12-25,43544304.0,59.96,0.0211,80.83,6.73,35196860.9232
2018-12-26,37962783.0,63.33,0.0254,79.41,6.75,30146245.980299998
2018-12-27,44864573.0,62.99,0.0225,79.25,6.68,35555174.1025
2018-12-28,50101115.0,64.23,0.0219,78.73,6.46,39444607.8395
2018-12-29,42063880.0,63.36,0.0215,78.64,6.69,33079035.231999997
2018-12-30,44787182.0,61.22,0.0268,79.1,6.87,35426660.962
2018-12-31,46400973.0,65.61,0.0233,79.76,6.52,37009416.0648
2019-01-01,41116468.0,62.95,0.0276,82.43,7.06,33892304.5724
2019-01-02,44416042.0,63.26,0.0234,79.97,6.54,35519508.7874
2019-01-03,43532245.0,61.5,0.0211,80.69,6.66,35126168.490499996
2019-01-04,44132064.0,62.53,0.0222,80.93,6.52,35716079.39520001
2019-01-05,39953734.0,61.7,0.0269,80.67,6.71,32230677.217800003
2019-01-06,44117136.0,63.17,0.0241,80.48,6.32,35505471.0528
2019-01-07,46661084.0,66.99,0.0233,79.38,6.56,37039568.4792
2019-01-08,51604027.0,60.87,0.0247,82.04,6.46,42335943.750800006
2019-01-09,49322590.0,60.44,0.0254,82.41,6.71,40646746.419
2019-01-10,55470788.0,66.66,0.0266,78.93,6.88,43783092.9684
2019-01-11,41047496.0,63.35,0.0273,79.61,6.82,32677911.5656
2019-01-12,49425913.0,62.48,0.0236,80.37,6.22,39723606.27810001
2019-01-13,46161820.0,65.95,0.0217,79.7,7.11,36790970.54
2019-01-14,56375649.0,62.71,0.0235,81.18,6.76,45765751.858200006
2019-01-15,41567396.0,67.62,0.0248,79.96,6.55,33237289.841599997
2019-01-16,41593263.0,65.37,0.0224,82.87,6.74,34468337.0481
2019-01-17,42978627.0,63.09,0.0224,81.91,6.75,35203793.3757
2019-01-18,35540567.0,68.43,0.025,80.95,6.59,28770088.986500002
2019-01-19,43716466.0,62.96,0.0242,81.78,6.76,35751325.8948
2019-01-20,42735516.0,65.7,0.0243,81.87,6.61,34987566.949200004
2019-01-21,47469833.0,64.87,0.0227,80.22,6.65,38080300.0326
2019-01-22,48614078.0,66.92,0.0237,79.98,6.6,38881539.5844
2019-01-23,56474337.0,67.49,0.0223,80.89,6.46,45682091.199300006
2019-01-24,52034543.0,64.48,0.026,81.69,6.78,42507018.1767
2019-01-25,44587604.0,62.96,0.0262,80.98,6.87,36107041.7192
2019-01-26,43170509.0,65.44,0.0205,79.28,6.86,34225579.5352
2019-01-27,50313402.0,63.21,0.0223,80.07,6.93,40285940.9814
2019-01-28,41444631.0,68.65,0.0211,80.81,6.83,33491406.311100002
2019-01-29,57395852.0,64.94,0.0228,80.83,6.66,46393067.1716
2019-01-30,54329293.0,63.99,0.0239,82.89,6.94,45033550.967700005
2019-01-31,46280525.0,65.14,0.0212,79.54,6.51,36811529.58500001
2019-02-01,40255821.0,62.13,0.0222,81.45,6.6,32788366.204500005
2019-02-02,55786729.0,62.93,0.022,82.45,6.6,45996158.0605
2019-02-03,48641327.0,67.32,0.0244,83.25,7.01,40493904.7275
2019-02-04,55600556.0,63.66,0.0241,80.59,6.99,44808488.0804
2019-02-05,41637577.0,62.93,0.0226,81.5,6.9,33934625.255
2019-02-06,46811876.0,66.14,0.0243,81.59,7.02,38193809.6284
2019-02-07,50034804.0,67.49,0.0229,81.23,6.63,40643271.2892
2019-02-08,50444124.0,66.61,0.0234,80.95,6.89,40834518.378
2019-02-09,48160335.0,67.21,0.0273,81.5,6.79,39250673.025
2019-02-10,53727161.0,63.76,0.0266,78.55,6.99,42202684.9655
2019-02-11,45477870.0,62.48,0.0213,81.78,6.81,37191802.085999995
2019-02-12,50307950.0,68.37,0.0255,81.24,6.76,40870178.58
2019-02-13,51826018.0,64.78,0.0255,80.9,6.95,41927248.56200001
2019-02-14,54002249.0,64.97,0.0216,83.19,7.02,44924470.9431
2019-02-15,55194468.0,68.18,0.0255,80.48,6.71,44420507.8464
2019-02-16,46220350.0,66.68,0.0269,80.77,6.84,37332176.695
2019-02-17,44380987.0,66.53,0.0216,83.18,6.64,36916104.986600004
2019-02-18,58648775.0,70.0,0.022,80.37,6.36,47136020.4675
2019-02-19,54131631.0,64.43,0.0258,80.67,6.9,43667986.7277
2019-02-20,48938140.0,67.63,0.0243,81.08,6.99,39679043.912
2019-02-21,60647689.0,65.93,0.0249,82.09,6.93,49785687.9001
2019-02-22,53682506.0,66.41,0.0244,81.47,6.49,43735137.6382
2019-02-23,59213674.0,68.98,0.0245,79.98,6.81,47359096.46520001
2019-02-24,53868691.0,66.99,0.0211,80.76,6.44,43504354.8516
2019-02-25,64049606.0,67.1,0.0258,80.7,7.17,51688032.041999996
2019-02-26,62738201.0,68.22,0.026,81.24,6.68,50968514.4924
2019-02-27,52933171.0,65.39,0.0232,81.76,7.15,43278160.6096
2019-02-28,59253210.0,64.49,0.0236,81.77,7.09,48451349.817
2019-03-01,57840471.0,64.13,0.0206,79.59,6.73,46035230.8689
2019-03-02,61675861.0,62.34,0.0246,82.45,6.69,50851747.394499995
2019-03-03,50228076.0,70.43,0.0247,81.65,6.99,41011224.054
2019-03-04,58703824.0,64.16,0.0235,82.8,6.75,48606766.272
2019-03-05,60787448.0,65.98,0.0258,81.87,6.95,49766683.677600004
2019-03-06,46924277.0,65.92,0.0229,82.54,6.84,38731298.235800005
2019-03-07,50025224.0,67.14,0.0247,81.92,6.58,40980663.5008
2019-03-08,45969795.0,68.2,0.0215,82.82,6.5,38072184.219
2019-03-09,55044261.0,68.34,0.0235,82.01,6.99,45141798.446100004
2019-03-10,60205251.0,65.51,0.0231,81.4,6.84,49007074.314
2019-03-11,64356476.0,66.39,0.0239,83.79,6.84,53924291.2404
2019-03-12,57443227.0,67.34,0.0227,82.42,7.1,47344707.6934
2019-03-13,65444809.0,66.32,0.0232,82.12,7.2,53743277.1508
2019-03-14,50631120.0,70.09,0.0251,80.29,6.91,40651726.248
2019-03-15,49245534.0,67.9,0.0225,80.29,6.9,39539239.2486
2019-03-16,57716452.0,68.44,0.0202,81.88,7.08,47258230.897599995
2019-03-17,60147192.0,68.35,0.0269,81.75,6.71,49170329.46
2019-03-18,58296999.0,69.42,0.0261,81.01,7.03,47226398.88990001
2019-03-19,48357808.0,67.48,0.0208,81.78,7.1,39547015.382400006
2019-03-20,58484904.0,64.58,0.0247,83.24,7.13,48682834.0896
2019-03-21,52644588.0,68.02,0.0223,82.36,6.61,43358082.676800005
2019-03-22,62752678.0,65.97,0.0238,80.54,6.85,50541006.861200005
2019-03-23,61475638.0,66.27,0.0239,81.59,6.83,50157973.0442
2019-03-24,55182536.0,68.55,0.0228,80.91,7.03,44648189.8776
2019-03-25,57552849.0,69.9,0.0217,81.34,7.11,46813487.3766
2019-03-26,55067328.0,67.52,0.0219,81.33,7.32,44786257.862399995
2019-03-27,60292180.0,68.14,0.0214,81.28,6.93,49005483.904
2019-03-28,65624438.0,70.98,0.0216,80.52,6.93,52840797.47759999
2019-03-29,56164223.0,68.1,0.0231,81.66,7.27,45863704.50179999
2019-03-30,63858192.0,72.88,0.0218,81.24,7.1,51878395.1808
2019-03-31,58932762.0,68.85,0.0245,78.89,7.3,46492055.941800006
2019-04-01,57866763.0,64.25,0.0261,83.88,7.11,48538640.8044
2019-04-02,61544043.0,69.33,0.022,82.94,6.82,51044629.2642
2019-04-03,57152047.0,68.64,0.0236,81.49,6.79,46573203.1003
2019-04-04,59810075.0,70.5,0.0241,81.9,6.75,48984451.425
2019-04-05,56839998.0,69.32,0.0241,80.72,7.2,45881246.38559999
2019-04-06,72905087.0,67.75,0.0232,83.6,7.31,60948652.732
2019-04-07,63510864.0,65.62,0.0246,83.82,7.45,53234806.204799995
2019-04-08,60090019.0,67.71,0.024,82.09,7.25,49327896.5971
2019-04-09,64913665.0,66.47,0.0206,82.98,7.32,53865359.217
2019-04-10,63538269.0,67.06,0.0248,82.14,6.97,52190334.1566
2019-04-11,63252232.0,69.45,0.0248,80.65,6.86,51012925.108
2019-04-12,67686116.0,71.66,0.0215,81.59,7.27,55225102.04440001
2019-04-13,68662059.0,69.16,0.0231,82.14,7.19,56399015.262600005
2019-04-14,62482294.0,66.03,0.0243,81.57,7.13,50966807.2158
2019-04-15,62517031.0,69.36,0.0225,81.82,7.19,51151434.764199995
2019-04-16,64283235.0,70.92,0.0251,81.97,7.18,52692967.729499996
2019-04-17,54412312.0,67.35,0.0277,81.99,7.38,44612654.6088
2019-04-18,58610443.0,68.36,0.0213,82.14,7.39,48142617.880200006
2019-04-19,73286311.0,68.7,0.0201,81.04,7.24,59391226.43440001
2019-04-20,74943386.0,67.15,0.0235,81.4,7.3,61003916.204
2019-04-21,65741044.0,70.07,0.0243,80.85,7.24,53151634.07399999
2019-04-22,70137760.0,68.58,0.0224,83.12,7.05,58298506.11200001
2019-04-23,69081055.0,69.71,0.0257,80.06,7.3,55306292.633
2019-04-24,83190120.0,67.15,0.0201,83.33,6.87,69322326.99599999
2019-04-25,73665589.0,68.1,0.0242,83.58,7.37,61569699.2862
2019-04-26,67701216.0,70.47,0.0216,81.91,6.92,55454066.025599994
2019-04-27,63837287.0,68.33,0.0262,79.62,7.22,50827247.90940001
2019-04-28,60858043.0,72.58,0.0267,81.88,7.0,49830565.6084
2019-04-29,70183983.0,68.37,0.0212,82.19,7.29,57684215.62769999
2019-04-30,65662410.0,69.67,0.0216,81.26,7.17,53357274.366000004
2019-05-01,62611507.0,71.14,0.0244,81.77,6.87,51197429.273899995
2019-05-02,66769641.0,66.49,0.0219,83.83,7.27,55972990.050299995
2019-05-03,64875618.0,65.85,0.0226,82.98,7.08,53833787.81640001
2019-05-04,79001045.0,66.37,0.0227,81.4,7.37,64306850.63
2019-05-05,75256646.0,72.0,0.0188,80.74,7.2,60762215.980399996
2019-05-06,71092830.0,68.42,0.0226,82.03,7.29,58317448.44899999
2019-05-07,78817800.0,74.69,0.0212,82.16,7.02,64756704.48
2019-05-08,72091453.0,68.5,0.0216,82.88,7.1,59749396.24639999
2019-05-09,67685871.0,70.04,0.0255,81.87,7.13,55414422.5877
2019-05-10,79896748.0,72.81,0.0201,82.93,7.4,66258373.1164
2019-05-11,75265672.0,73.79,0.0242,84.37,7.57,63501647.466400005
2019-05-12,67676048.0,73.95,0.022,83.26,7.07,56347077.5648
2019-05-13,72202911.0,72.29,0.022,82.41,7.45,59502418.9551
2019-05-14,69070012.0,71.97,0.0241,82.29,6.81,56837712.874800004
2019-05-15,66828781.0,71.16,0.0232,82.14,7.01,54893160.7134
2019-05-16,78669525.0,71.58,0.0236,83.69,7.06,65838525.4725
2019-05-17,83882766.0,68.97,0.0244,81.9,6.99,68699985.354
2019-05-18,67641082.0,68.49,0.0218,82.58,6.94,55858005.515599996
2019-05-19,77748200.0,70.17,0.0212,82.6,7.35,64220013.2
2019-05-20,71980776.0,69.88,0.0203,82.07,7.23,59074622.863199994
2019-05-21,73100203.0,69.37,0.0208,81.21,7.35,59364674.85629999
2019-05-22,72876912.0,71.72,0.0283,82.92,7.42,60429535.4304
2019-05-23,71823196.0,72.29,0.0249,82.55,7.34,59290048.298
2019-05-24,76691246.0,70.6,0.0197,83.13,7.42,63753432.79979999
2019-05-25,72600602.0,73.43,0.0197,82.11,7.28,59612354.302200004
2019-05-26,78415582.0,68.24,0.0233,83.88,7.06,65774990.1816
2019-05-27,77121287.0,70.19,0.0234,81.8,7.51,63085212.765999995
2019-05-28,76488158.0,69.19,0.0234,84.4,7.19,64556005.352000006
2019-05-29,73456746.0,66.94,0.0218,80.96,7.12,59470581.5616
2019-05-30,75423625.0,70.56,0.022,83.15,7.28,62714744.1875
2019-05-31,82398609.0,70.53,0.0229,83.21,7.14,68563882.5489
2019-06-01,81441672.0,73.85,0.0224,81.95,7.24,66741450.204
2019-06-02,74366008.0,72.14,0.0178,83.19,7.4,61865082.055199996
2019-06-03,80068414.0,68.88,0.0218,84.06,7.4,67305508.8084
2019-06-04,83647932.0,74.68,0.0205,80.58,7.16,67403503.6056
2019-06-05,71864495.0,73.47,0.0225,83.31,7.24,59870310.784499995
2019-06-06,83250134.0,72.24,0.0281,80.33,7.56,66874832.6422
2019-06-07,77543316.0,70.67,0.0229,81.87,7.45,63484712.809200004
2019-06-08,84033827.0,69.26,0.0215,84.48,7.77,70991777.0496
2019-06-09,77690238.0,70.48,0.024,82.29,7.6,63931296.850200005
2019-06-10,72809130.0,73.45,0.0231,81.71,7.59,59492340.122999996
2019-06-11,74024147.0,75.1,0.0229,82.7,7.09,61217969.569000006
2019-06-12,82731920.0,74.46,0.0233,84.98,7.53,70305585.616
2019-06-13,84121066.0,70.45,0.0262,81.1,7.37,68222184.526
2019-06-14,78633157.0,69.24,0.0198,81.89,7.27,64392692.2673
2019-06-15,86681321.0,71.81,0.023,84.46,7.42,73211043.7166
2019-06-16,75515717.0,68.04,0.0202,84.83,7.58,64059982.73109999
2019-06-17,83829220.0,72.27,0.0231,82.88,7.5,69477657.536
2019-06-18,78442189.0,71.38,0.0202,81.76,7.23,64134333.7264
2019-06-19,81577095.0,70.79,0.0211,85.11,7.55,69430265.5545
2019-06-20,85413634.0,68.59,0.0214,84.63,7.28,72285558.4542
2019-06-21,81216305.0,72.85,0.0239,83.73,7.46,68002412.17650001
2019-06-22,83938697.0,70.81,0.0238,82.25,7.36,69039578.2825
2019-06-23,91237418.0,69.59,0.0194,83.03,7.38,75754428.1654
2019-06-24,83667355.0,66.23,0.022,82.93,7.58,69385337.50150001
2019-06-25,91077524.0,71.97,0.0205,83.44,7.22,75995086.0256
2019-06-26,81599170.0,75.62,0.0194,84.57,7.83,69008418.06899999
2019-06-27,90246766.0,75.45,0.0214,84.02,7.08,75825332.7932
2019-06-28,95157033.0,71.26,0.0212,82.08,7.33,78104892.6864
2019-06-29,75943822.0,71.02,0.0267,84.54,7.52,64202907.1188
2019-06-30,84671839.0,73.21,0.0227,83.5,7.57,70700985.565
2019-07-01,91897368.0,70.33,0.019,83.89,7.44,77092702.0152
2019-07-02,88353899.0,72.98,0.0207,84.68,7.45,74818081.67320001
2019-07-03,91583407.0,73.96,0.0238,82.12,7.55,75208293.8284
2019-07-04,87067742.0,74.93,0.0259,83.21,7.43,72449068.1182
2019-07-05,90882051.0,72.33,0.0186,82.73,7.76,75186720.7923
2019-07-06,90033601.0,72.17,0.018,81.71,7.65,73566455.37709999
2019-07-07,97015238.0,70.87,0.0255,83.63,7.66,81133843.5394
2019-07-08,92814234.0,71.02,0.0225,85.81,7.3,79643894.1954
2019-07-09,93597413.0,72.27,0.0199,81.48,7.48,76263172.11240001
2019-07-10,90218758.0,73.51,0.0227,83.3,7.44,75152225.41399999
2019-07-11,90210335.0,74.65,0.0164,83.99,7.3,75767660.36649999
2019-07-12,90857283.0,71.27,0.0216,83.49,7.58,75856745.57669999
2019-07-13,95365534.0,75.91,0.0223,83.27,7.41,79410880.1618
2019-07-14,91663048.0,72.44,0.0235,82.09,7.65,75246196.1032
2019-07-15,95593044.0,72.99,0.0196,83.64,7.31,79954022.0016
2019-07-16,104898883.0,71.58,0.0217,82.67,7.87,86719906.5761
2019-07-17,99256727.0,68.28,0.0197,81.25,7.35,80646090.6875
2019-07-18,93651732.0,74.95,0.0221,84.65,7.58,79276191.138
2019-07-19,101670193.0,74.7,0.0197,84.43,7.7,85840143.9499
2019-07-20,94007554.0,72.72,0.0207,83.54,7.43,78533910.61160001
2019-07-21,86242656.0,73.46,0.0195,83.73,7.72,72210975.8688
2019-07-22,91779740.0,74.41,0.0225,84.59,7.31,77636482.066
2019-07-23,87854658.0,70.3,0.0232,83.75,7.85,73578276.075
2019-07-24,95841054.0,72.42,0.021,84.45,7.57,80937770.103
2019-07-25,98082282.0,75.12,0.0215,83.26,7.45,81663307.9932
2019-07-26,106765516.0,71.07,0.0185,84.89,7.51,90633246.5324
2019-07-27,100412683.0,74.22,0.0208,83.91,7.74,84256282.3053
2019-07-28,98078844.0,70.97,0.0213,83.8,7.46,82190071.272
2019-07-29,103719265.0,74.66,0.0266,82.35,7.44,85412814.72749999
2019-07-30,88916048.0,73.71,0.0191,83.92,7.55,74618347.4816
2019-07-31,101550887.0,70.6,0.0243,82.82,7.36,84104444.6134
2019-08-01,104629839.0,76.21,0.0233,83.03,7.96,86874155.3217
2019-08-02,93786896.0,72.46,0.0219,82.86,7.49,77711822.0256
2019-08-03,107304534.0,72.36,0.0248,82.63,7.77,88665736.4442
2019-08-04,103685811.0,74.43,0.0225,85.83,7.65,88993531.58129999
2019-08-05,100326090.0,76.38,0.0221,85.06,7.42,85337372.154
2019-08-06,105977281.0,72.1,0.0212,85.66,7.62,90780138.9046
2019-08-07,114579326.0,74.3,0.0237,82.53,7.78,94562317.74780001
2019-08-08,104549339.0,75.09,0.0234,83.84,7.59,87654165.8176
2019-08-09,105296917.0,75.67,0.02,82.49,7.87,86859426.8333
2019-08-10,102176485.0,74.68,0.0186,83.1,7.84,84908659.035
2019-08-11,100643218.0,73.65,0.0208,82.9,7.83,83433227.722
2019-08-12,109464950.0,72.77,0.0196,85.07,7.56,93121832.965
2019-08-13,101455372.0,74.65,0.021,83.45,7.44,84664507.934
2019-08-14,106517838.0,72.39,0.0236,84.93,7.53,90465599.8134
2019-08-15,104197636.0,68.74,0.0202,84.48,7.7,88026162.8928
2019-08-16,109408449.0,75.5,0.021,86.19,7.78,94299142.19309999
2019-08-17,109111202.0,76.49,0.0212,82.42,7.24,89929452.6884
2019-08-18,113061655.0,70.0,0.0228,85.18,7.67,96305917.72900002
2019-08-19,105756667.0,72.76,0.0166,85.08,7.71,89977772.2836
2019-08-20,107391904.0,76.07,0.0198,82.98,7.63,89113801.9392
2019-08-21,104283734.0,78.99,0.0215,84.97,7.95,88609888.7798
2019-08-22,107394110.0,74.97,0.0234,84.32,7.78,90554713.55199999
2019-08-23,111941860.0,73.52,0.02,83.77,7.96,93773696.122
2019-08-24,114281846.0,74.66,0.0172,83.19,7.66,95071067.6874
2019-08-25,106329393.0,77.83,0.0222,83.3,7.89,88572384.369
2019-08-26,115733345.0,73.84,0.0197,86.09,8.04,99634836.71050002
2019-08-27,118610386.0,73.58,0.0186,84.05,7.98,99692029.433
2019-08-28,114348045.0,74.26,0.0197,84.85,7.5,97024316.1825
2019-08-29,122115324.0,73.37,0.0205,83.29,7.67,101709853.35960001
2019-08-30,109314681.0,75.58,0.0197,83.32,7.66,91080992.2092
2019-08-31,107414449.0,78.63,0.0165,85.2,7.83,91517110.54800001
2019-09-01,105200040.0,76.08,0.0227,82.78,7.88,87084593.112
2019-09-02,122031610.0,74.98,0.0234,83.73,7.58,102177067.05300002
2019-09-03,118282800.0,74.95,0.0221,84.19,7.76,99582289.32
2019-09-04,115194476.0,72.45,0.0186,84.29,7.35,97097423.82040001
2019-09-05,117335521.0,77.4,0.0204,84.01,8.05,98573571.1921
2019-09-06,110773370.0,75.53,0.0208,84.6,7.66,93714271.02
2019-09-07,129096579.0,75.37,0.022,84.91,7.78,109615905.2289
2019-09-08,117982803.0,82.17,0.0221,84.97,7.71,100249987.7091
2019-09-09,118354429.0,76.43,0.0193,83.26,8.0,98541897.58540002
2019-09-10,121908935.0,74.38,0.0209,83.98,7.21,102379123.613
2019-09-11,121159692.0,75.08,0.0216,85.47,7.78,103555188.7524
2019-09-12,120350513.0,78.28,0.0236,85.19,7.77,102526602.02469999
2019-09-13,115757079.0,76.26,0.0221,82.94,7.7,96008921.3226
2019-09-14,122547072.0,73.2,0.0223,84.68,8.14,103772860.56960002
2019-09-15,130082057.0,77.97,0.0208,82.36,7.62,107135582.1452
2019-09-16,127883174.0,74.84,0.01,84.4,7.96,107933398.856
2019-09-17,129608089.0,79.98,0.0215,86.27,7.88,111812898.38029999
2019-09-18,119574110.0,78.44,0.0189,83.44,8.07,99772637.384
2019-09-19,117672154.0,75.44,0.0234,83.57,7.69,98338619.09779999
2019-09-20,122483200.0,78.94,0.022,85.18,7.68,104331189.76
2019-09-21,123884688.0,76.57,0.0197,82.89,8.05,102688017.88319999
2019-09-22,129572933.0,78.19,0.0196,83.81,7.92,108595075.14729999
2019-09-23,116137553.0,77.5,0.0211,85.06,7.53,98786602.5818
2019-09-24,132747526.0,74.89,0.0215,83.84,7.73,111295525.7984
2019-09-25,124811639.0,75.34,0.0209,84.25,7.92,105153805.8575
2019-09-26,123971191.0,78.74,0.0211,85.25,8.02,105685440.3275
2019-09-27,121551014.0,76.06,0.0239,84.94,7.72,103245431.2916
2019-09-28,118845222.0,75.97,0.0226,84.8,7.28,100780748.256
2019-09-29,131745366.0,74.92,0.0208,84.21,7.97,110942772.70859998
2019-09-30,128508156.0,77.73,0.0223,84.93,7.63,109141976.8908
2019-10-01,122205870.0,81.06,0.0184,84.46,7.47,103215077.80199999
2019-10-02,122696451.0,74.85,0.0212,85.05,7.31,104353331.5755
2019-10-03,128011163.0,77.08,0.024,84.11,8.05,107670189.1993
2019-10-04,138555514.0,79.91,0.0199,84.44,7.91,116996276.0216
2019-10-05,129434858.0,76.97,0.0187,83.65,7.85,108272258.71700001
2019-10-06,123741604.0,78.09,0.019,84.62,8.17,104710145.30480002
2019-10-07,130555212.0,75.11,0.0182,83.86,8.03,109483600.7832
2019-10-08,130949031.0,78.14,0.0187,83.57,8.23,109434105.20669998
2019-10-09,119359058.0,76.96,0.0196,84.96,7.63,101407455.67679998
2019-10-10,133104989.0,79.35,0.0175,84.93,7.91,113046067.1577
2019-10-11,132756901.0,79.81,0.0203,85.51,7.6,113520426.0451
2019-10-12,137929863.0,82.66,0.0221,84.31,7.88,116288667.49530001
2019-10-13,144233024.0,78.69,0.0184,85.17,7.88,122843266.5408
2019-10-14,141162646.0,78.23,0.0233,85.33,8.06,120454085.8318
2019-10-15,134729127.0,78.02,0.0212,85.23,7.95,114829634.9421
2019-10-16,131086872.0,76.98,0.0223,83.98,8.07,110086755.10560001
2019-10-17,150034423.0,78.41,0.0189,84.97,8.09,127484249.22309999
2019-10-18,138014037.0,77.19,0.0219,85.2,8.38,117587959.52399999
2019-10-19,138340119.0,78.17,0.0225,84.86,7.89,117395424.9834
2019-10-20,138704593.0,80.52,0.0219,82.78,7.77,114819662.08540002
2019-10-21,140372613.0,75.92,0.0205,85.04,8.01,119372870.0952
2019-10-22,139219593.0,80.26,0.0212,87.11,7.81,121274187.4623
2019-10-23,137634534.0,80.67,0.0177,84.55,8.27,116369998.497
2019-10-24,138332251.0,77.85,0.0183,84.2,7.92,116475755.34200001
2019-10-25,141468743.0,73.89,0.0213,85.31,7.87,120686984.6533
2019-10-26,139483619.0,76.97,0.0181,85.27,7.89,118937681.9213
2019-10-27,139207028.0,80.83,0.021,86.16,8.13,119940775.3248
2019-10-28,143876211.0,78.24,0.0173,83.73,7.96,120467551.4703
2019-10-29,142644274.0,76.33,0.0217,85.73,7.87,122288936.1002
2019-10-30,152016533.0,77.37,0.0175,85.61,8.34,130141353.9013
2019-10-31,131821444.0,80.11,0.0211,84.89,7.84,111903223.8116
2019-11-01,151115878.0,79.58,0.0212,85.38,8.02,129022736.6364
2019-11-02,152473155.0,78.06,0.0185,86.09,8.15,131264139.1395
2019-11-03,136462509.0,77.85,0.0211,85.95,7.7,117289526.48550001
2019-11-04,145705106.0,77.85,0.0204,83.95,8.12,122319436.487
2019-11-05,146152788.0,76.84,0.0188,85.93,7.82,125589090.7284
2019-11-06,141566254.0,81.96,0.0179,85.06,8.2,120416255.6524
2019-11-07,145310932.0,78.14,0.0159,85.21,7.85,123819445.1572
2019-11-08,144245731.0,81.27,0.0205,85.22,8.18,122926211.9582
2019-11-09,159160960.0,81.93,0.0167,85.01,8.27,135302732.09600002
2019-11-10,155681407.0,80.93,0.02,86.37,8.23,134462031.2259
2019-11-11,157966619.0,78.12,0.0193,85.11,8.11,134445389.4309
2019-11-12,155825464.0,79.84,0.0211,84.09,8.02,131033632.6776
2019-11-13,147182544.0,79.04,0.0192,84.83,7.95,124854952.0752
2019-11-14,150818351.0,77.33,0.0191,85.42,8.37,128829035.4242
2019-11-15,156503435.0,79.83,0.0212,86.48,7.94,135344170.588
2019-11-16,148564003.0,76.88,0.0204,85.87,7.87,127571909.3761
2019-11-17,158860194.0,81.66,0.0203,84.43,8.22,134125661.79420002
2019-11-18,154716624.0,78.41,0.0206,87.79,7.93,135825724.2096
2019-11-19,154669696.0,79.79,0.0166,85.58,7.9,132366325.83680001
2019-11-20,160726658.0,80.0,0.0225,86.61,7.81,139205358.49379998
2019-11-21,160023753.0,78.97,0.0209,85.19,8.01,136324235.1807
2019-11-22,156630714.0,80.71,0.0176,85.89,8.09,134530120.25460002
2019-11-23,164867842.0,78.63,0.0225,86.21,8.16,142132566.5882
2019-11-24,154304075.0,81.38,0.0195,86.61,8.31,133642759.3575
2019-11-25,163429829.0,76.99,0.0193,86.46,8.23,141301430.15339997
2019-11-26,163958987.0,79.99,0.0202,86.29,8.09,141480209.88230002
2019-11-27,160091659.0,83.66,0.0224,85.12,8.09,136270020.1408
2019-11-28,163918558.0,77.83,0.0217,84.88,8.24,139134072.03039998
2019-11-29,156683429.0,78.53,0.0169,85.8,8.39,134434382.082
2019-11-30,168212849.0,80.96,0.0208,86.41,8.17,145352722.8209
2019-12-01,163324542.0,80.34,0.0222,85.27,8.05,139266836.9634
2019-12-02,162294410.0,80.74,0.0203,86.58,7.95,140514500.178
2019-12-03,170814687.0,81.06,0.0217,86.98,7.87,148574614.7526
2019-12-04,162712193.0,81.4,0.0235,84.62,8.3,137687057.7166
2019-12-05,159858540.0,82.4,0.0215,84.72,8.28,135432155.088
2019-12-06,159787312.0,81.05,0.0199,85.43,8.29,136506300.6416
2019-12-07,171272806.0,79.8,0.0215,85.89,8.15,147106213.0734
2019-12-08,162515604.0,81.68,0.0197,85.08,8.46,138268275.8832
2019-12-09,178369425.0,84.19,0.0194,86.97,8.09,155127888.9225
2019-12-10,159866229.0,80.17,0.0187,86.05,8.38,137564890.05449998
2019-12-11,179441310.0,78.54,0.0225,85.69,8.19,153763258.539
2019-12-12,172700009.0,82.75,0.0177,84.22,8.08,145447947.5798
2019-12-13,171850001.0,80.34,0.0224,84.36,8.32,144972660.8436
2019-12-14,170300378.0,76.29,0.0203,85.97,8.29,146407234.9666
2019-12-15,175714836.0,82.38,0.0165,83.57,8.28,146844888.4452
2019-12-16,73100203.0,79.67,0.02,86.73,8.23,63399806.061900005
2019-12-17,180632394.0,80.6,0.0151,85.58,8.21,154585202.7852
2019-12-18,176389593.0,81.5,0.0205,88.99,8.7,156969098.8107
2019-12-19,177275353.0,81.27,0.021,88.07,8.47,156126403.38709998
2019-12-20,175414002.0,82.35,0.018,85.6,8.38,150154385.71199998
2019-12-21,177658396.0,80.12,0.0195,85.69,8.26,152235479.5324
2019-12-22,180196046.0,82.06,0.0231,86.81,8.44,156428187.53260002
2019-12-23,170822972.0,80.57,0.0182,87.53,8.35,149521347.3916
2019-12-24,173352541.0,82.61,0.017,84.2,8.26,145962839.522
2019-12-25,184532329.0,82.42,0.0221,84.07,8.2,155136328.9903
2019-12-26,182395775.0,79.37,0.0231,85.25,8.25,155492398.1875
2019-12-27,181349881.0,83.46,0.0191,86.47,7.63,156813242.1007
2019-12-28,183093239.0,80.26,0.0211,86.4,8.31,158192558.496
2019-12-29,185473184.0,83.0,0.0218,86.99,8.18,161343122.7616
2019-12-30,181773629.0,82.17,0.0176,84.73,8.6,154016795.8517
2019-12-31,181321012.0,85.16,0.0181,83.63,8.29,151638762.3356
2020-01-01,186934841.0,81.09,0.0215,86.82,8.05,162296828.9562
2020-01-02,181809810.0,80.89,0.0224,85.15,8.28,154811053.21500003
2020-01-03,189491991.0,81.6,0.0201,83.97,8.09,159116424.8427
2020-01-04,179689867.0,81.08,0.0172,86.15,8.4,154802820.4205
2020-01-05,194103639.0,83.34,0.023,86.81,8.36,168501369.01590002
2020-01-06,192078953.0,78.55,0.0179,85.91,8.5,165015028.5223
2020-01-07,191757260.0,79.73,0.0183,85.59,8.16,164125038.83400002
2020-01-08,73100203.0,79.75,0.0196,85.91,8.33,62800384.3973
2020-01-09,200335950.0,83.84,0.022,85.71,8.05,171707942.74499997
2020-01-10,197850772.0,85.41,0.0206,84.75,8.47,167678529.27
2020-01-11,184347986.0,81.83,0.0197,85.4,8.44,157433180.04400003
2020-01-12,187931010.0,81.75,0.0198,86.65,8.44,162842220.16500002
2020-01-13,191984455.0,82.28,0.0189,86.46,8.34,165989759.79299998
2020-01-14,196021785.0,84.51,0.02,86.32,8.43,169206004.81199998
2020-01-15,199265547.0,80.38,0.0138,85.18,8.67,169734392.9346
2020-01-16,193837608.0,82.76,0.0182,86.0,8.3,166700342.88
2020-01-17,199192402.0,84.29,0.0193,84.02,8.39,167361456.1604
2020-01-18,195277073.0,83.39,0.0165,86.39,8.15,168699863.3647
2020-01-19,196795009.0,82.82,0.0195,87.66,8.2,172510504.88939998
2020-01-20,193621107.0,84.49,0.0183,84.77,8.39,164132612.4039
2020-01-21,196843278.0,77.13,0.0222,85.68,8.6,168655320.5904
2020-01-22,195509283.0,83.94,0.0219,86.61,8.33,169330590.0063
2020-01-23,198199844.0,81.33,0.0178,87.54,8.34,173504143.43760002
2020-01-24,209162179.0,79.03,0.0184,85.86,8.31,179586646.88939998
2020-01-25,199965005.0,83.76,0.0185,85.63,8.29,171230033.78149998
2020-01-26,218695220.0,85.54,0.0178,84.37,8.46,184513157.11400002
2020-01-27,208824506.0,82.56,0.019,86.45,8.11,180528785.437
2020-01-28,208110011.0,84.79,0.0171,88.41,8.67,183990060.72509998
2020-01-29,203725277.0,86.16,0.0164,86.66,8.28,176548325.0482
2020-01-30,212353187.0,85.62,0.0198,86.37,8.56,183409447.61190003
2020-01-31,206811367.0,86.32,0.0198,86.73,8.17,179367498.5991
2020-02-01,211140886.0,84.57,0.017,86.42,8.56,182467953.6812
2020-02-02,224175916.0,83.29,0.0203,85.63,8.57,191961836.8708
2020-02-03,211743239.0,79.98,0.0173,87.28,8.51,184809498.99920002
2020-02-04,218821352.0,82.75,0.019,86.7,8.24,189718112.18400002
2020-02-05,210413967.0,81.6,0.0202,86.5,8.5,182008081.455
2020-02-06,214613200.0,87.68,0.0184,85.53,8.21,183558669.96
2020-02-07,224503882.0,83.04,0.0194,87.82,8.4,197159309.17239997
2020-02-08,213380238.0,83.68,0.0174,87.2,8.67,186067567.536
2020-02-09,226445981.0,84.59,0.0181,85.99,8.62,194720899.0619
2020-02-10,221794648.0,83.63,0.018,87.56,8.47,194203393.7888
2020-02-11,216319204.0,86.98,0.0169,86.08,8.28,186207570.8032
2020-02-12,223172739.0,82.39,0.0181,85.81,8.61,191504527.3359
2020-02-13,225756162.0,84.08,0.0153,85.85,8.49,193811665.07699996
2020-02-14,224888671.0,82.25,0.0174,84.85,8.02,190818037.3435
2020-02-15,214818284.0,81.15,0.0178,87.11,8.65,187128207.1924
2020-02-16,219927078.0,82.62,0.0178,84.82,8.49,186542147.5596
2020-02-17,73100203.0,83.81,0.0179,85.44,8.74,62456813.4432
2020-02-18,224988077.0,83.08,0.0182,84.61,8.29,190362411.9497
2020-02-19,229367757.0,82.6,0.0193,86.61,7.87,198655414.3377
2020-02-20,228060681.0,81.23,0.02,86.56,8.57,197409325.4736
2020-02-21,221406876.0,83.92,0.017,86.4,8.58,191295540.86400002
2020-02-22,230899665.0,81.13,0.0159,85.7,8.18,197881012.905
2020-02-23,232970354.0,85.71,0.0162,85.58,8.33,199376028.95319998
2020-02-24,233638814.0,84.4,0.0173,87.24,9.08,203826501.3336
2020-02-25,237169902.0,81.37,0.0175,86.24,8.47,204535323.48479998
2020-02-26,236865461.0,83.72,0.0167,87.12,8.69,206357189.6232
2020-02-27,235925334.0,82.89,0.0156,85.93,8.41,202730639.50620002
2020-02-28,234215933.0,85.08,0.0173,87.01,8.13,203791283.30330002
2020-02-29,227203046.0,87.17,0.0185,88.15,8.52,200279485.04900002
2020-03-01,238600807.0,80.79,0.0193,87.45,8.51,208656405.7215
2020-03-02,238439810.0,84.82,0.017,86.46,8.48,206155059.72599998
2020-03-03,239711727.0,84.32,0.0173,87.15,8.54,208908770.08050004
2020-03-04,232926373.0,86.03,0.0162,86.67,8.62,201877287.4791
2020-03-05,234864953.0,85.17,0.018,86.93,8.55,204168103.64290002
2020-03-06,246499971.0,83.29,0.0164,86.61,8.33,213493624.8831
2020-03-07,242004270.0,84.2,0.0192,86.79,8.68,210035505.93300003
2020-03-08,246581271.0,83.3,0.0145,87.18,8.2,214969552.05780002
2020-03-09,244290980.0,87.09,0.0173,85.99,8.18,210065813.70199996
2020-03-10,245277704.0,85.03,0.0186,85.98,8.75,210889769.89920002
2020-03-11,250803807.0,88.84,0.0184,85.62,8.71,214738219.5534
2020-03-12,244519575.0,84.97,0.0234,85.43,8.6,208893072.9225
2020-03-13,248571775.0,83.72,0.0187,85.82,8.33,213324297.305
2020-03-14,246775144.0,82.16,0.0159,87.22,8.48,215237280.5968
2020-03-15,247913382.0,81.63,0.0177,86.18,8.57,213651752.60760003
2020-03-16,249543354.0,82.12,0.0144,87.6,8.31,218599978.10399997
2020-03-17,253207262.0,85.87,0.0177,87.14,8.48,220644808.1068
2020-03-18,250714269.0,86.41,0.0162,85.15,8.77,213483200.05350003
2020-03-19,260402270.0,82.28,0.0197,87.79,8.93,228607152.83300003
2020-03-20,250670004.0,87.28,0.0168,87.96,8.56,220489335.5184
2020-03-21,255232324.0,84.57,0.0176,86.17,8.8,219933693.59080002
2020-03-22,254995775.0,85.88,0.0166,87.6,8.27,223376298.9
2020-03-23,265461192.0,88.87,0.0213,86.34,8.79,229199193.17280003
2020-03-24,260245088.0,87.48,0.0172,87.3,8.5,227193961.82399997
2020-03-25,265461706.0,85.2,0.0214,85.96,8.73,228190882.47759998
2020-03-26,253919023.0,84.01,0.0194,85.44,8.62,216948413.2512
2020-03-27,263730607.0,81.54,0.0187,86.87,8.94,229102778.3009
2020-03-28,267896248.0,84.45,0.0185,87.14,8.51,233444790.5072
2020-03-29,264916476.0,85.52,0.0185,86.88,8.81,230159434.34879997
2020-03-30,270893660.0,84.02,0.0138,86.11,8.63,233266530.626
2020-03-31,264045276.0,85.78,0.0171,86.91,8.66,229481749.3716
2020-04-01,274748190.0,86.24,0.0194,87.6,8.66,240679414.44
2020-04-02,280269970.0,85.69,0.0176,87.3,8.53,244675683.81
2020-04-03,268039622.0,84.89,0.0148,87.54,8.7,234641885.0988
2020-04-04,268708964.0,86.58,0.0175,86.7,8.7,232970671.788
2020-04-05,279290405.0,87.18,0.021,88.56,8.76,247339582.66799998
2020-04-06,281012710.0,84.16,0.0201,86.23,8.74,242317259.833
2020-04-07,271596294.0,89.21,0.0175,87.9,8.88,238733142.42600003
2020-04-08,273209801.0,86.24,0.0195,88.61,8.91,242091204.6661
2020-04-09,275006367.0,86.53,0.0168,87.93,8.52,241813098.5031
2020-04-10,270802025.0,87.96,0.0141,87.26,8.91,236301847.015
2020-04-11,274044453.0,87.06,0.0157,86.95,8.51,238281651.8835
2020-04-12,274734912.0,88.55,0.0206,88.53,8.87,243222817.5936
2020-04-13,277039016.0,87.27,0.0169,86.08,8.88,238475184.9728
2020-04-14,281831471.0,85.52,0.017,86.55,8.37,243925138.1505
2020-04-15,284307381.0,87.51,0.0169,87.14,8.78,247745451.8034
2020-04-16,292024762.0,84.55,0.0213,88.79,8.67,259288786.17980003
2020-04-17,280420998.0,87.11,0.0207,87.95,8.62,246630267.74100003
2020-04-18,291479465.0,86.88,0.0219,86.61,9.04,252450364.6365
2020-04-19,286637588.0,86.58,0.0171,87.29,8.65,250205950.5652
2020-04-20,288614505.0,86.78,0.018,87.0,8.62,251094619.35
2020-04-21,293394844.0,83.33,0.0143,86.92,8.8,255018798.4048
2020-04-22,285570708.0,86.04,0.0203,88.62,8.93,253072761.42960003
2020-04-23,294264607.0,87.38,0.015,86.29,8.77,253920929.38030002
2020-04-24,294357747.0,87.56,0.0178,89.28,9.04,262802596.5216
2020-04-25,297165376.0,85.24,0.0151,88.52,8.91,263050790.8352
2020-04-26,297331321.0,89.87,0.0161,88.79,8.38,264000479.9159
2020-04-27,309349080.0,85.66,0.0156,87.25,8.71,269907072.3
2020-04-28,295075743.0,89.38,0.0161,87.58,8.71,258427335.7194
2020-04-29,296806105.0,88.35,0.0162,86.31,8.92,256173349.2255
2020-04-30,297546834.0,86.25,0.0161,87.24,8.3,259579857.9816
2020-05-01,299091418.0,91.14,0.0189,88.27,9.34,264007994.6686
2020-05-02,299892975.0,85.26,0.015,89.09,8.94,267174651.4275
2020-05-03,310240959.0,89.53,0.0176,86.7,8.87,268978911.453
2020-05-04,312619242.0,89.74,0.0196,87.46,9.08,273416789.0532
2020-05-05,303888732.0,86.45,0.0161,87.69,9.32,266480029.0908
2020-05-06,303811346.0,90.63,0.0157,86.46,9.03,262675289.7516
2020-05-07,311565799.0,87.39,0.0167,88.46,9.05,275611105.79539996
2020-05-08,307688161.0,88.52,0.0195,87.16,8.89,268181001.12759998
2020-05-09,314859467.0,88.51,0.0175,87.7,8.84,276131752.559
2020-05-10,313959953.0,87.77,0.016,87.46,8.78,274589374.89379996
2020-05-11,306622163.0,89.71,0.018,87.14,8.71,267190552.8382
2020-05-12,323198993.0,89.73,0.0149,87.94,8.75,284221194.4442
2020-05-13,325706497.0,84.7,0.0184,87.74,8.62,285774880.46779996
2020-05-14,314933884.0,90.85,0.0178,87.6,8.88,275882082.384
2020-05-15,317335137.0,84.97,0.0164,87.26,8.56,276906640.54620004
2020-05-16,321983907.0,90.41,0.0153,88.32,8.94,284376186.6624
2020-05-17,323512939.0,90.65,0.0152,89.67,8.9,290094052.4013
2020-05-18,326424611.0,86.26,0.018,88.17,8.94,287808579.5187
2020-05-19,334479327.0,87.67,0.0194,89.04,8.81,297820392.7608
2020-05-20,324845185.0,86.33,0.0157,86.67,9.53,281543321.8395
2020-05-21,323045273.0,88.16,0.0178,88.24,9.2,285055148.89519995
2020-05-22,321452245.0,88.03,0.0127,87.0,8.68,279663453.15
2020-05-23,326011536.0,90.25,0.0157,86.63,8.98,282423793.6368
2020-05-24,330823183.0,91.36,0.0168,87.38,8.82,289073297.30539995
2020-05-25,341289544.0,91.59,0.015,89.33,8.74,304873949.6552
2020-05-26,331061963.0,87.72,0.015,89.1,8.68,294976209.033
2020-05-27,336107574.0,88.48,0.0155,88.41,9.04,297152706.1734
2020-05-28,336250504.0,85.58,0.0174,86.65,8.82,291361061.716
2020-05-29,343623962.0,87.38,0.0164,88.0,9.15,302389086.56
2020-05-30,351671448.0,90.97,0.0123,88.51,9.16,311264398.6248
2020-05-31,337742668.0,92.33,0.0125,88.4,9.24,298564518.512
2020-06-01,339315498.0,86.68,0.0155,86.4,8.8,293168590.272
2020-06-02,348354662.0,88.01,0.0177,87.37,9.07,304357468.1894
2020-06-03,347919979.0,89.19,0.0112,88.21,9.11,306900213.47589993
2020-06-04,355126245.0,89.85,0.0157,88.82,8.89,315423130.80899996
2020-06-05,350200081.0,87.73,0.0156,86.11,8.84,301557289.74909997
2020-06-06,346877280.0,90.24,0.0195,88.16,9.32,305807010.048
2020-06-07,353025904.0,88.5,0.0159,88.48,9.05,312357319.8592
2020-06-08,357020650.0,89.47,0.0174,89.2,9.13,318462419.8
2020-06-09,356989680.0,90.64,0.0169,89.06,8.84,317935009.008
2020-06-10,356839434.0,89.61,0.0124,88.96,8.77,317444360.4864
2020-06-11,361057912.0,88.77,0.0181,87.59,8.9,316250625.1208
2020-06-12,362998194.0,89.48,0.017,86.5,9.0,313993437.81
2020-06-13,365495415.0,89.57,0.0176,88.03,8.81,321745613.8245
2020-06-14,363266822.0,89.05,0.0244,89.44,9.03,324905845.5968
2020-06-15,360632107.0,89.33,0.0124,89.85,8.7,324027948.13949996
2020-06-16,363651485.0,93.09,0.02,89.18,8.82,324304394.323
2020-06-17,370406499.0,91.07,0.0159,88.91,9.18,329328418.2609
2020-06-18,361751155.0,89.4,0.0171,88.88,9.17,321524426.56399995
2020-06-19,369146945.0,91.44,0.0164,87.96,8.98,324701652.82199997
2020-06-20,366810518.0,89.43,0.0156,88.4,8.86,324260497.912
2020-06-21,370400481.0,92.49,0.0153,90.21,8.86,334138273.9101
2020-06-22,378134498.0,90.93,0.0171,87.62,8.99,331321447.1476
2020-06-23,374189175.0,90.03,0.0134,90.19,9.2,337481216.9325
2020-06-24,374963288.0,91.19,0.0179,88.27,9.26,330980094.3176
2020-06-25,369435257.0,87.2,0.0156,89.93,8.98,332233126.6201
2020-06-26,381475270.0,88.14,0.0141,87.21,8.85,332684582.96699995
2020-06-27,382486944.0,88.06,0.0155,89.22,9.14,341254851.4368
2020-06-28,391597397.0,90.78,0.0189,87.91,8.93,344253271.70269996
2020-06-29,380769938.0,94.01,0.0153,87.25,9.0,332221770.905
2020-06-30,384938416.0,95.06,0.017,88.9,9.37,342210251.824
2020-07-01,386629571.0,91.92,0.0148,89.7,9.27,346806725.18700004
2020-07-02,394816086.0,91.7,0.0178,87.86,9.14,346885413.1596
2020-07-03,388004712.0,87.14,0.0176,87.22,8.86,338417709.8064
2020-07-04,391434896.0,89.71,0.02,88.65,9.16,347007035.304
2020-07-05,394644123.0,89.27,0.0159,88.67,9.34,349930943.86410004
2020-07-06,394108815.0,89.65,0.0176,89.32,9.06,352017993.55799997
2020-07-07,392521035.0,90.61,0.0164,89.73,9.41,352209124.7055
2020-07-08,397307415.0,90.05,0.0188,88.74,9.4,352570600.071
2020-07-09,403295240.0,87.09,0.0147,90.67,9.48,365667794.10800004
2020-07-10,394391000.0,92.59,0.0177,89.05,9.21,351205185.5
2020-07-11,401791326.0,89.0,0.0158,88.5,9.27,355585323.51
2020-07-12,399235205.0,91.67,0.016,87.25,9.44,348332716.3625
2020-07-13,410326831.0,95.39,0.0163,88.61,9.25,363590604.94909996
2020-07-14,398357934.0,89.46,0.0166,88.55,9.07,352745950.557
2020-07-15,404808039.0,86.29,0.0159,89.86,9.08,363760503.84540004
2020-07-16,411124022.0,90.82,0.0165,89.38,9.22,367462650.8636
2020-07-17,418707458.0,93.65,0.0192,87.75,8.92,367415794.395
2020-07-18,412199550.0,95.41,0.018,89.12,9.16,367352238.96
2020-07-19,411407379.0,89.09,0.0178,89.64,9.41,368785574.53559995
2020-07-20,73100203.0,92.59,0.0151,90.51,8.76,66162993.735300004
2020-07-21,410273407.0,90.72,0.0142,89.88,9.51,368753738.21159995
2020-07-22,408194524.0,91.48,0.0179,89.77,9.43,366436224.19479996
2020-07-23,423070423.0,97.04,0.0177,89.08,9.12,376871132.8084
2020-07-24,420048625.0,88.79,0.0189,89.43,9.32,375649485.3375
2020-07-25,419148051.0,92.35,0.0147,90.3,9.22,378490690.053
2020-07-26,429498118.0,92.83,0.0155,87.74,9.47,376841648.7332
2020-07-27,428884290.0,94.12,0.0126,88.73,9.42,380549030.517
2020-07-28,426560699.0,92.19,0.0151,88.33,8.95,376781065.4267
2020-07-29,424702260.0,92.66,0.0179,89.49,9.35,380066052.47400004
2020-07-30,437195671.0,91.31,0.0149,90.36,9.2,395050008.3156
2020-07-31,437820931.0,92.69,0.0171,88.55,9.26,387690434.40049994
2020-08-01,435817553.0,91.51,0.0155,86.77,9.1,378158890.7381
2020-08-02,447297121.0,93.49,0.0165,88.76,9.6,397020924.5996
2020-08-03,434471038.0,91.56,0.0135,90.1,9.46,391458405.238
2020-08-04,433958413.0,93.1,0.016,89.74,9.11,389434279.82619995
2020-08-05,439898155.0,92.34,0.01,89.65,9.0,394368695.9575
2020-08-06,444908530.0,94.7,0.0154,88.95,9.19,395746137.435
2020-08-07,448139059.0,92.39,0.0125,87.97,9.36,394227930.20229995
2020-08-08,447509247.0,89.0,0.0181,89.78,9.33,401773801.9566
2020-08-09,452275965.0,95.12,0.0173,88.44,9.53,399992863.446
2020-08-10,446065474.0,90.84,0.0166,91.48,9.45,408060695.61520004
2020-08-11,461356728.0,91.39,0.0187,89.88,9.49,414667427.1264
2020-08-12,455549164.0,91.56,0.0138,88.74,9.36,404254328.1336
2020-08-13,463375725.0,95.55,0.0192,88.73,9.02,411153280.7925
2020-08-14,461339537.0,88.58,0.0175,89.26,9.27,411791670.72620004
2020-08-15,463753709.0,99.17,0.0152,89.13,9.52,413343680.83169997
2020-08-16,466170211.0,95.06,0.0179,90.5,9.31,421884040.955
2020-08-17,467418777.0,93.44,0.0134,89.59,9.42,418760482.3143
2020-08-18,470260166.0,92.94,0.0139,88.68,9.26,417026715.2088001
2020-08-19,475566120.0,93.67,0.0144,91.32,9.12,434286980.7839999
2020-08-20,471784286.0,94.19,0.0145,89.49,9.31,422199757.5414
2020-08-21,476235570.0,94.49,0.0134,90.23,9.4,429707354.811
2020-08-22,474138321.0,94.36,0.018,88.87,9.21,421366725.87270004
2020-08-23,483691644.0,93.48,0.015,89.85,9.3,434596942.13399994
2020-08-24,475020793.0,92.95,0.0162,89.82,9.16,426663676.27259994
2020-08-25,489326823.0,93.1,0.0143,87.63,9.58,428797094.9949
2020-08-26,482048398.0,93.06,0.0118,91.55,9.3,441315308.369
2020-08-27,477030111.0,95.77,0.016,90.84,9.66,433334152.83239996
2020-08-28,486767070.0,94.74,0.0116,89.17,9.68,434050196.319
2020-08-29,484671644.0,87.72,0.0153,88.48,9.36,428837470.61120003
2020-08-30,494238299.0,94.96,0.0127,89.94,9.18,444517926.1206
2020-08-31,488737998.0,94.09,0.0194,89.7,8.97,438397984.206
2020-09-01,491744124.0,93.71,0.0172,89.98,9.09,442471362.77520007
2020-09-02,486509181.0,93.02,0.0156,89.83,9.12,437031197.2923
2020-09-03,495685147.0,96.1,0.0179,90.16,9.67,446909728.53519994
2020-09-04,487825059.0,95.79,0.0136,91.12,9.42,444506193.7608
2020-09-05,494030734.0,92.4,0.0164,90.25,9.48,445862737.435
2020-09-06,507766161.0,94.81,0.0157,88.65,8.97,450134701.72650003
2020-09-07,509915008.0,92.11,0.0158,91.08,9.17,464430589.2864
2020-09-08,510143327.0,91.34,0.0178,91.37,9.6,466117957.87990004
2020-09-09,505219334.0,92.9,0.0167,92.9,9.48,469348761.2860001
2020-09-10,511862011.0,95.92,0.0158,88.64,9.4,453714486.5504
2020-09-11,514137119.0,96.16,0.0119,90.02,9.55,462826234.52379996
2020-09-12,510426114.0,95.33,0.0133,87.71,9.76,447694744.58939993
2020-09-13,525806011.0,95.8,0.0149,90.36,9.4,475118311.5396
2020-09-14,524755223.0,95.43,0.0154,89.27,9.46,468448987.5721
2020-09-15,521351324.0,93.17,0.0129,91.76,9.49,478391974.9024001
2020-09-16,524686685.0,95.36,0.02,89.08,9.93,467390898.99799997
2020-09-17,527698689.0,96.15,0.0182,88.18,9.04,465324703.9602001
2020-09-18,518561064.0,96.11,0.0163,89.41,9.6,463645447.3224
2020-09-19,529655292.0,97.03,0.0152,87.92,9.45,465672932.7264
2020-09-20,529611209.0,96.12,0.0147,90.66,9.59,480145522.07939994
2020-09-21,530151528.0,95.45,0.0132,87.86,9.35,465791132.5008
2020-09-22,535901203.0,96.94,0.0152,89.97,9.47,482150312.33909994
2020-09-23,548450828.0,94.8,0.0156,87.88,9.63,481978587.6464
2020-09-24,544830950.0,93.14,0.0125,89.65,10.0,488440946.675
2020-09-25,540943864.0,94.62,0.0157,91.63,9.66,495666862.5832
2020-09-26,548844414.0,93.51,0.0147,90.36,9.33,495935812.4904
